"drug","Targeted_Genes","Count"
"OCRIPLASMIN","fn1, col6a1, col6a3, lama3, col1a2, lamb2, col4a2, col4a5, col6a5, lama5, lamb3, col6a2, col6a6",13
"ILORASERTIB","pdgfra, ptk2, insr, syk, flt3, sgk2, flt4, egfr, ntrk2, kit, met",11
"CENISERTIB","pdgfra, insr, syk, flt3, sgk2, flt4, egfr, ntrk2, kit, met",10
"RG-1530","pdgfra, ptk2, insr, syk, flt3, sgk2, flt4, egfr, ntrk2, kit",10
"IMATINIB","csf3r, pdgfra, syk, flt3, cd40lg, hgf, egfr, kit, fgf2",9
"TAMATINIB","pdgfra, ptk2, insr, syk, flt3, egfr, ntrk2, met",9
"ALDESLEUKIN","socs1, il2ra, il2rb, stat4, il2, cd40lg",8
"ASPIRIN","tnfrsf11a, il4, itga2b, f2r, fas, il1b, hgf, fgf2",8
"CISPLATIN","stat1, faslg, lif, ifng, prl, fas, egfr, ntrk2",8
"COLLAGENASE CLOSTRIDIUM HISTOLYTICUM-AAES","col6a1, col6a3, col1a2, col4a2, col4a5, col6a5, col6a2, col6a6",8
"CYC-116","pdgfra, insr, syk, flt3, sgk2, egfr, kit, met",8
"DOVITINIB","pdgfra, fgfr4, insr, flt3, sgk2, flt4, ntrk2, kit",8
"FLUOROURACIL","il11, fgfr4, il2ra, insr, il6r, bdnf, fas, egfr",8
"LINIFANIB","pdgfra, ptk2, insr, flt3, flt4, ntrk2, kit, met",8
"SORAFENIB","pdgfra, flt3, efna2, flt4, egfr, ntrk2, kit, fgf2",8
"SP-600125","insr, syk, flt3, sgk2, flt4, ntrk2, kit, met",8
"TRETINOIN","amh, flt3, lif, ifng, prl, il10, fas, spp1",8
"ENTRECTINIB","ptk2, syk, flt3, flt4, ntrk2, kit, met",7
"NVP-TAE684","pdgfra, insr, syk, flt3, flt4, egfr, met",7
"PD-0166285","pdgfra, ptk2, syk, flt3, egfr, ntrk2, met",7
"PF-562271","ptk2, insr, flt3, sgk2, flt4, ntrk2, met",7
"SUNITINIB","pdgfra, flt3, pdgfd, flt4, kit, pdgfc, il4r",7
"ALTEPLASE","itga2b, prl, cxcl2, bdnf, il1b, spp1",6
"CETUXIMAB","egf, ereg, areg, bdnf, egfr, met",6
"DOXORUBICIN HYDROCHLORIDE","faslg, il11, col1a2, flt3, bdnf, ntrk2",6
"ENMD-2076","pdgfra, ptk2, fgfr4, flt3, flt4, kit",6
"FLUTICASONE","csf2, ccl5, tnfrsf8, il10, bdnf, il1b",6
"INFLIXIMAB-DYYB","ccl3, tlr4, tnfrsf1b, il1b, tlr2, il23r",6
"METHOTREXATE","fgfr4, tlr4, flt3, il2, hgf, il1rn",6
"RIBAVIRIN","il18, vwf, socs3, egfr, il21r, angpt2",6
"RITUXIMAB","ifng, il2, cxcl12, hgf, egfr, met",6
"USTEKINUMAB","il13, il23a, stat4, il17f, tnfrsf1b, il1b",6
"ALISERTIB","ptk2, flt3, egfr, ccne1, ntrk2",5
"CRIZOTINIB","areg, egfr, ntrk2, kit, met",5
"CYCLOPHOSPHAMIDE ANHYDROUS","fgfr4, insr, ifng, cxcl12, fas",5
"CYCLOSPORINE","ccl4, cxcl2, il2, cd40lg, ntrk2",5
"ERLOTINIB","fgfr4, syk, flt4, egfr, met",5
"FORETINIB","pdgfra, flt3, flt4, kit, met",5
"GW441756X","insr, syk, sgk2, flt4, ntrk2",5
"GW843682X","ptk2, flt3, flt4, egfr, kit",5
"HESPERADIN","ptk2, fgfr4, insr, flt3, ntrk2",5
"HUMAN CHORIONIC GONADOTROPIN","amh, il2ra, ereg, lif, il2",5
"LITHIUM","tnfrsf1b, bdnf, fas, il1b, ntrk2",5
"MIDOSTAURIN","pdgfra, prkca, flt3, il2, kit",5
"PACLITAXEL","il2ra, syk, lif, bdnf, egfr",5
"PAZOPANIB","pdgfra, ptk2, flt4, kit, met",5
"REGORAFENIB","pdgfra, efna2, flt4, egfr, kit",5
"ROMILKIMAB","il13, il4, il4r",5
"SIROLIMUS","rptor, crlf2, il10, egfr, fgf2",5
"THALIDOMIDE","f2r, vwf, il6r, hgf, fgf2",5
"THERAPEUTIC HORMONE","amh, il2ra, csf2, lif, bdnf",5
"THROMBIN","itga2b, f2r, lif, ifng, fas",5
"TOZASERTIB","insr, flt3, flt4, egfr, ntrk2",5
"XL-999","pdgfra, fgfr4, flt3, flt4, kit",5
"ADALIMUMAB-ADBM","il13, tnfrsf1b, cd40lg, tlr2",4
"AMITRIPTYLINE HYDROCHLORIDE","ifng, prl, rptor, bdnf",4
"AMUVATINIB","pdgfra, flt3, kit, met",4
"ANTISENSE OLIGONUCLEOTIDES","il11, lif, socs3, ccl1",4
"AST-487","pdgfra, flt3, ntrk2, kit",4
"ATORVASTATIN CALCIUM TRIHYDRATE","il2ra, cd40lg, fas, fgf2",4
"BAMINERCEPT ALFA","lta, ltbr, ltb, tnfsf14",4
"BARASERTIB-HQPA","pdgfra, flt3, flt4, egfr",4
"BEVACIZUMAB-AWWB","prkca, f2r, egfr, kit",4
"CABOZANTINIB S-MALATE","flt3, hgf, kit, met",4
"CEDIRANIB","pdgfra, syk, flt4, kit",4
"CHEMBL:CHEMBL1997335","pdgfra, ptk2, flt3, met",4
"CRENOLANIB","pdgfra, flt3, kit, met",4
"CYTARABINE","csf2, flt3, il1b, kit",4
"DASATINIB ANHYDROUS","csf3r, pdgfra, syk, kit",4
"DECITABINE","ccnd2, il2ra, flt3, lif",4
"DEHYDRATED ALCOHOL","tlr4, csf2, f2r, egfr",4
"DENILEUKIN DIFTITOX","il12rb1, il2ra, il2rb, il12rb2",4
"EPOETIN ALFA","cish, il3ra, ccl4, bdnf",4
"FAMITINIB","pdgfra, flt3, flt4, kit",4
"GEFITINIB","flt4, igf2, egfr, met",4
"GO-6976","insr, flt3, flt4, egfr",4
"IBRUTINIB","csf3r, efna1, flt3, egfr",4
"IL-2/9/15 GAMMA CHAIN RECEPTOR INHIBITOR BNZ-1","il2ra, il15ra, il9, il2",4
"INSULIN, REGULAR, HUMAN","socs1, csf2, insr, bdnf",4
"MAVRILIMUMAB","csf2rb, csf2, csf2ra",4
"NINTEDANIB ESYLATE","pdgfra, fgfr4, flt4, kit",4
"PALBOCICLIB","ccnd2, flt3, ccne1, met",4
"PANITUMUMAB","ereg, areg, egfr, met",4
"PAREGORIC","f2r, il1b, ccr2, tlr2",4
"PEGINTERFERON ALFA-2B","il18, socs3, egfr, il21r",4
"PONATINIB","pdgfra, fgfr4, flt3, kit",4
"PROTEASOME INHIBITOR","csf2, il6r, il2, fas",4
"QUIZARTINIB","pdgfra, flt3, kit, fgf2",4
"RECOMBINANT INTERFERON","il18, col1a2, itga11, igf2",4
"RECOMBINANT INTERLEUKIN-1","csf2, lif, hgf, il1r2",4
"RECOMBINANT TRANSFORMING GROWTH FACTOR","col1a2, f2r, flt3, bdnf",4
"SNS-314","ptk2, ntrk2, kit, met",4
"SOTRASTAURIN","prkca, sgk2, flt4, egfr",4
"STAUROSPORINE","il2ra, csf2, cxcl2, egfr",4
"SU-014813","pdgfra, flt3, flt4, kit",4
"TANDUTINIB","pdgfra, flt3, flt4, kit",4
"TNF-ALPHA","col1a2, osm, il17f, ccl25",4
"TRAMETINIB DIMETHYL SULFOXIDE","csf3r, flt3, kit, met",4
"TYROSINE KINASE INHIBITOR","f2r, flt3, vwf, spp1",4
"VATALANIB","pdgfra, flt4, egfr, kit",4
"VINCRISTINE","vwf, cxcl12, bdnf, fgf2",4
"WORTMANNIN","f2r, hgf, spp1",4
"ACETAMINOPHEN","tnfrsf11a, tlr4, il2",3
"ADAVOSERTIB","ptk2, syk, kit",3
"AKT INHIBITOR MK2206","flt3, ccne1, kit",3
"ALTIRATINIB","flt3, ntrk2, met",3
"AMIKACIN","csf2, ifng, il2",3
"ANHYDROUS TACROLIMUS","il18, il2, spp1",3
"ANTIDEPRESSANT AGENT","prl, bdnf, il1b",3
"ANTISERUM","il2ra, flt3, prl",3
"ARSENIC TRIOXIDE","flt3, bdnf, fas",3
"AS1409","il12rb1, fn1, il12rb2",3
"AVAPRITINIB","pdgfra, flt3, kit",3
"AXITINIB","pdgfra, flt4, kit",3
"AZACITIDINE","il11, flt3, lif",3
"BAY 61-3606","flt3, kit, met",3
"BECLOMETHASONE DIPROPIONATE","il2ra, csf2, il1b",3
"BMS-754807","insr, ntrk2, met",3
"CARBAMAZEPINE","prl, lta, tnfrsf1b",3
"CEP-11981","flt4, egfr, met",3
"CEP-2563","prkca, flt3, ntrk2",3
"CLOZAPINE","prl, il2, ntrk2",3
"CORTICOTROPIN","ntrk2, angpt2, angpt1",3
"CP-547632","pdgfra, flt4, met",3
"DACLIZUMAB","il2ra, il2rb, il2",3
"DACTINOMYCIN","tnfrsf8, tnfrsf1b, bdnf",3
"DAUNORUBICIN LIPOSOMAL","col1a2, flt3, fas",3
"DIDANOSINE","il2ra, tnfrsf1b, bdnf",3
"DIURETIC","prkca, gnb3, bdnf",3
"DORAMAPIMOD","flt4, egfr, ntrk2",3
"ENMD-981693","pdgfra, fgfr4, flt3",3
"ETANERCEPT-SZZS","csf2, il10, tnfrsf1b",3
"EVEROLIMUS","fgfr4, flt3, rptor",3
"FREUND'S ADJUVANT","prl, cx3cl1, bdnf",3
"FULVESTRANT","bdnf, ccne1, fgf2",3
"GENTAMICIN","il2, bdnf, spp1",3
"GSK-269962A","flt3, sgk2, flt4",3
"HEPARIN","vwf, hgf, il1rn",3
"HYDROCHLOROTHIAZIDE","prkca, gnb3, cd70",3
"IBOCTADEKIN","il18, il18r1, il18rap",3
"INTERFERON ALFA-2B","il18, csf2, ifng",3
"JNJ-7706621","ntrk2, kit, met",3
"LENVATINIB","pdgfra, flt4, kit",3
"MARIJUANA","csh1, il2, bdnf",3
"MASITINIB","pdgfra, ptk2, kit",3
"MELATONIN","ifng, prl, il1b",3
"METHYLPREDNISOLONE","il2ra, ifng, bdnf",3
"MK-2461","flt4, ntrk2, met",3
"MLN-8054","ptk2, flt4, egfr",3
"MOMELOTINIB","csf3r, flt3, egfr",3
"MONOAMINE OXIDASE INHIBITOR","prl, rptor, bdnf",3
"MOTESANIB","pdgfra, flt4, kit",3
"NESVACUMAB","angpt2",3
"NICARDIPINE","prl, bdnf, il1b",3
"NILOTINIB","pdgfra, flt3, kit",3
"NORTRIPTYLINE","gnb3, rptor, bdnf",3
"OLANZAPINE","gnb3, bdnf, il1a",3
"ORANTINIB","pdgfra, fgfr4, flt4",3
"PEFLOXACIN","ifng, il2, ccl18",3
"PEGINTERFERON ALFA-2A","il18, socs3, egfr",3
"PEMBROLIZUMAB","egfr, kit, met",3
"PEXIDARTINIB","csf3r, flt3, kit",3
"PILOCARPINE HYDROCHLORIDE","prl, bdnf, ntrk2",3
"PREDNISONE","vwf, ifng, cxcl12",3
"PROPYLTHIOURACIL","il2ra, prl, bdnf",3
"PROTEIN KINASE C INHIBITOR","prl, il2, bdnf",3
"RABEPRAZOLE","pdgfra, il10, flt4",3
"RALOXIFENE HYDROCHLORIDE","prl, il6r, il1b",3
"RESVERATROL","prkca, il1b, hgf",3
"ROCILETINIB","egfr, met",3
"ROMIPLOSTIM","pdgfra, mpl, kit",3
"RUXOLITINIB","csf3r, flt3, crlf2",3
"SEMAXANIB","flt3, flt4, kit",3
"SHO-SAIKO-TO","il2ra, il10, hgf",3
"SIMVASTATIN","lif, bdnf, ccr2",3
"SOMATROGON","gh1, ghr",3
"SOMATROPIN (RECOMBINANT DNA ORIGIN)","igf2, hgf, ghr",3
"STREPTOZOCIN","csf2, vwf, hgf",3
"TELATINIB","pdgfra, flt4, kit",3
"TETRADECANOYLPHORBOL ACETATE","ptk2, bdnf, spp1",3
"TRICHOSTATIN A","tnfsf10, il2, bdnf",3
"VANDETANIB","pdgfra, flt4, egfr",3
"VENETOCLAX","flt3, kit, lpar4",3
"XENTUZUMAB","igf2, igf1",3
"XL-820","pdgfra, flt4, kit",3
"XL820","pdgfra, flt4, kit",3
"XL999","flt3, flt4, kit",3
"ZM447439","pdgfra, ntrk2, met",3
"&ALPHA;-MSH","angpt2, angpt1",2
"2-TERT-BUTYL-9-FLUORO-1,6-DIHYDROBENZO[H]IMIDAZO[4,5-F]ISOQUINOLIN-7-ONE","csf3r, crlf2",2
"4SC-203","flt3, flt4",2
"ABACAVIR","lta, ltb",2
"ABIVERTINIB","flt3, egfr",2
"ABRILUMAB","itga4, itgb7",2
"ACP-001","gh1, ghr",2
"ADJUVANT","ccl3, tlr4",2
"AFAMELANOTIDE","angpt2, angpt1",2
"AGERAFENIB","efna2, egfr",2
"AGOUTI-RELATED PROTEIN","angpt2, angpt1",2
"ALBUSOMATROPIN","gh1, ghr",2
"ALPROSTADIL","f2r, cd40lg",2
"AMG-208","met",2
"AMG-780","angpt2, angpt1",2
"AMINOOXYACETIC ACID","csh2, cshl1",2
"AMIVANTAMAB-VMJW","egfr, met",2
"ANESTHETIC AGENT","il10, bdnf",2
"ANGIOGENESIS INHIBITOR","itga2b, fgf2",2
"ANLOTINIB","flt4, kit",2
"ANTI-MET MONOCLONAL ANTIBODY MIXTURE SYM015","egfr, met",2
"ANTI-MET/EGFR MONOCLONAL ANTIBODY LY3164530","egfr, met",2
"ANTIVIRAL AGENT","il18, prl",2
"ASUNERCEPT","faslg, fas",2
"ATEZOLIZUMAB","cx3cl1, egfr",2
"AUTOLOGOUS CCR4-CD30CAR-CD28-CD3ZETA-EXPRESSING T-LYMPHOCYTES","tnfrsf8, ccr4",2
"AXICABTAGENE CILOLEUCEL","cd19",2
"AZD1480","csf3r, flt3",2
"BACILLUS CALMETTE-GUERIN ANTIGEN","cxcl2, fas",2
"BARASERTIB","pdgfra, kit",2
"BASILIXIMAB","il2ra, il2rb",2
"BCG VACCINE","csf2, il2",2
"BERMEKIMAB","il1a",2
"BETAMETHASONE","prl, igf2",2
"BIM 23052","faslg, fas",2
"BIM 23454","faslg, fas",2
"BIM 23627","faslg, fas",2
"BISPECIFIC ANTIBODY","cd40lg, fas",2
"BLEOMYCIN","f2r, ifng",2
"BMS-599626","egfr",2
"BMS-690514","flt4, egfr",2
"BMS-777607","met",2
"BMS-813160","ccr5, ccr2",2
"BORTEZOMIB","flt3, bdnf",2
"BREMELANOTIDE","angpt2, angpt1",2
"BRIGATINIB","flt3, egfr",2
"BRIVANIB","fgfr4, flt4",2
"BRIVANIB ALANINATE","fgfr4, flt4",2
"BRYOSTATIN","prkca, il2ra",2
"BUPROPION HYDROCHLORIDE","prl",2
"CAFFEINE","il2ra, fgf2",2
"CALCIUM CHANNEL BLOCKER","prl, fgf2",2
"CAMOTESKIMAB","il18",2
"CAPSAICIN","lif, bdnf",2
"CENEGERMIN-BKBJ","ntrk2, ngfr",2
"CENICRIVIROC","ccr5, ccr2",2
"CETIRIZINE HYDROCHLORIDE","il2ra, csf2",2
"CGP 23996","faslg, fas",2
"CHEMBL:CHEMBL535331","syk, flt3",2
"CHEMBL:CHEMBL546797","ntrk2, met",2
"CHINESE HERBS","il2ra, il1b",2
"CHLORPYRAMIN HYDROCHLORIDE","ptk2, flt4",2
"CILOSTAZOL","csf2, col9a3",2
"CINTREDEKIN BESUDOTOX","il13ra1, il4r",2
"CLODRONIC ACID","ccl4, il1b",2
"CLOMIPRAMINE","rptor, bdnf",2
"CM-082","flt3, kit",2
"COLCHICINE","il18, bdnf",2
"COLTUXIMAB RAVTANSINE","cd19",2
"CORTISTATIN-14","faslg, fas",2
"CP-459632","fgfr4, flt4",2
"CST-17","faslg, fas",2
"CURCUMIN","bdnf, egfr",2
"CYCLOOXYGENASE INHIBITOR","il2, bdnf",2
"DACTOLISIB","rptor, met",2
"DAZODALIBEP","cd40lg",2
"DEFOSLIMOD","tlr4, tlr2",2
"DENOSUMAB","tnfrsf11a, tnfsf11",2
"DERAZANTINIB","fgfr4, kit",2
"DESIPRAMINE","rptor, bdnf",2
"DEXTRAN SULFATE SODIUM","il18, cxcl2",2
"DIACETYLRHEIN","il1b, il1rn",2
"DICLOFENAC SODIUM","tnfrsf11a, prl",2
"DIETHYLSTILBESTROL","amh, bdnf",2
"DITIOCARB","csf2, bdnf",2
"DOXEPIN HYDROCHLORIDE","rptor, bdnf",2
"DRUGSATFDA.NDA:008378","il2ra, il1b",2
"DULIGOTUZUMAB","egfr",2
"DUSIGITUMAB","igf2, igf1",2
"E6201","ereg, flt3",2
"ECHINACEA PREPARATION","prl, il1b",2
"EDRECOLOMAB","ifng, il2",2
"EFLAPEGRASTIM","csf3r, csf3",2
"EMB-01","egfr, met",2
"EMIBETUZUMAB","met",2
"ENOKIZUMAB","il9",2
"ENTOSPLETINIB","syk, flt3",2
"EPIDERMAL GROWTH FACTOR","egf, egfr",2
"EPIGALLOCATECHIN GALLATE","csf2, hgf",2
"ESI-09","col6a3, col6a2",2
"ESTRADIOL 3-BENZOATE","prl, bdnf",2
"ESTRADIOL VALERATE","tcl1a, lif",2
"ETHINYL ESTRADIOL","amh, prl",2
"ETIDRONIC ACID","il11, il1b",2
"FEPIXNEBART","ereg",2
"FF-10101","flt3, kit",2
"FIRATEGRAST","itga4, itgb7",2
"FLX475","ccr4",2
"FUTUXIMAB","egfr",2
"GARLIC","il2ra, il2",2
"GELDANAMYCIN","flt3, egfr",2
"GEMOGENOVATUCEL-T","csf2, tgfb2",2
"GILTERITINIB","flt3, kit",2
"GLESATINIB","flt4, met",2
"GM-CSF","csf2, csf2ra",2
"GSK329","efna2, fgf2",2
"HALOPERIDOL DECANOATE","bdnf, il1rn",2
"HS014","angpt2, angpt1",2
"HS024","angpt2, angpt1",2
"IANALUMAB","tnfrsf13c",2
"IBUPROFEN, SODIUM SALT","cxcr1, ifng",2
"IDARUBICIN","csf2, flt3",2
"IDECABTAGENE VICLEUCEL","tnfrsf17",2
"IL-12","stat4, bdnf",2
"IL-13","lif, cxcl2",2
"IL-3","csf2, il3ra",2
"IL-6","il17f, il6r",2
"IMGATUZUMAB","egfr",2
"IMMUNOSUPPRESSANT","spp1, il1a",2
"INCB-9471","ccr5",2
"INDOMETHACIN","bdnf, fgf2",2
"INFIGRATINIB","fgfr4, kit",2
"INTERFERON BETA-1B","il2ra, il2",2
"JNJ-26483327","flt4, egfr",2
"KE 108","faslg, fas",2
"KENPAULLONE","flt3, flt4",2
"L-362,855","faslg, fas",2
"LAPATINIB","egfr, met",2
"LENALIDOMIDE","tnfsf11, fgf2",2
"LENZILUMAB","csf2",2
"LESTAURTINIB","flt3, ntrk2",2
"LIDOCAINE","bdnf, egfr",2
"LINSITINIB","insr, igf2",2
"LISOCABTAGENE MARALEUCEL","cd19",2
"LISOFYLLINE","stat4, il10",2
"LUTIKIZUMAB","il1b, il1a",2
"LYMPHOKINE-ACTIVATED KILLER CELLS","il2, fgf2",2
"MACROLIDE ANTIBIOTIC","il10, il2",2
"MESMULOGENE ANCOVACIVEC","il2",2
"METFORMIN","bdnf, il1b",2
"METHADONE HYDROCHLORIDE","bdnf, ntrk2",2
"METHIMAZOLE","il2ra, csf2",2
"METHYLPHENIDATE HYDROCHLORIDE","prl, bdnf",2
"METYROSINE","il2, bdnf",2
"MIFEPRISTONE","lif, bdnf",2
"MIRDAMETINIB","flt3, kit",2
"MITOGEN-ACTIVATED PROTEIN KINASE KINASE INHIBITOR","egfr, met",2
"MITOMYCIN","vwf, il1a",2
"MPA","csf2, fas",2
"MT-II","angpt2, angpt1",2
"MUPARFOSTAT","flt4, fgf2",2
"NALOXONE HYDROCHLORIDE","prl, bdnf",2
"NATALIZUMAB","itga4, itgb7",2
"NAVARIXIN","cxcr1",2
"NC 4-28B","faslg, fas",2
"NEMOLIZUMAB","il31ra",2
"NEMTABRUTINIB","efna1, flt3",2
"NIMOTUZUMAB","egf, egfr",2
"NINGETINIB","flt3, met",2
"NNC0114-0006","il21",2
"NORETHINDRONE","prl, bdnf",2
"OFLOXACIN","il2, il1b",2
"OLVEREMBATINIB","flt3, kit",2
"OPIATE","bdnf, ccr2",2
"OSI-027","rptor",2
"OSI-930","flt4, kit",2
"OSIMERTINIB","egfr, met",2
"OTILIMAB","csf2, csf2ra",2
"P505-15","syk, flt3",2
"PACRITINIB","flt3, egfr",2
"PAMIDRONATE","tnfrsf11a, spp1",2
"PASIREOTIDE","faslg, fas",2
"PEGILODECAKIN","il10ra, il10",2
"PEGPLERANIB SODIUM","pdgfra, flt4",2
"PENTOXIFYLLINE","vwf, il1b",2
"PERFOSFAMIDE","csf2, il2",2
"PEXIDARTINIB HYDROCHLORIDE","flt3, kit",2
"PF-04217903","met",2
"PF-04634817","ccr5, ccr2",2
"PG-901","angpt2, angpt1",2
"PHENYLEPHRINE","vwf, fgf2",2
"PLOZALIZUMAB","ccr2",2
"PRAVASTATIN SODIUM","il2, il1b",2
"PROGESTERONE","il2ra, bdnf",2
"PROPRANOLOL HYDROCHLORIDE","cd40lg, bdnf",2
"R1295","itga4, itgb7",2
"RAMUCIRUMAB","pdgfra, egfr",2
"RECOMBINANT CYTOKINE","bdnf, fas",2
"RECOMBINANT FIBROBLAST GROWTH FACTOR 2","il11, cxcl2",2
"RECOMBINANT HUMAN INTERLEUKIN-15","il2rb, il15ra",2
"RECOMBINANT INTERLEUKIN-2","il2ra, il2rb",2
"RECOMBINANT OX40 LIGAND","csf2, ccl5",2
"RECOMBINANT TRANSFORMING GROWTH FACTOR-BETA-2","csf2, col1a2",2
"RECOMBINANT VASCULAR ENDOTHELIAL GROWTH FACTOR","prl, angpt2",2
"RESATORVID","tlr4",2
"RILONACEPT","il1b, il1a",2
"RILOTUMUMAB","hgf",2
"RIPRETINIB","pdgfra, kit",2
"ROGARATINIB","fgfr4, egfr",2
"RONICICLIB","ccnd2, ccne1",2
"RUSERONTINIB","flt3, egfr",2
"SARGRAMOSTIM","csf2rb, csf2ra",2
"SB202190","egfr, ntrk2",2
"SB220025","sgk2, flt4",2
"SERALUTINIB","pdgfra, kit",2
"SETMELANOTIDE","angpt2, angpt1",2
"SHU9119","angpt2, angpt1",2
"SITRAVATINIB","flt3, met",2
"SODIUM BUTYRATE","tnfsf10, spp1",2
"SRIF-14","faslg, fas",2
"SRIF-28","faslg, fas",2
"STAVUDINE","csf2, tnfrsf1b",2
"SUMATRIPTAN","gnb3, bdnf",2
"TAFASITAMAB","cd19, tnfrsf8",2
"TAGRAXOFUSP-ERZS","csf2rb, il3ra",2
"TAK-593","pdgfra, flt4",2
"TAK-715","flt4, egfr",2
"TALACOTUZUMAB","csf2rb, il3ra",2
"TALAZOPARIB","flt3, egfr",2
"TALIMOGENE LAHERPAREPVEC","csf2, csf2ra",2
"TEMOZOLOMIDE","csf2, prl",2
"TEPOTINIB","egfr, met",2
"TESEVATINIB","flt4, egfr",2
"TESTOSTERONE","amh, fas",2
"THEOPHYLLINE","il2ra, ifng",2
"THERAPEUTIC CORTICOSTEROID","il18, fgf2",2
"THERAPEUTIC GLUCOCORTICOID","f2r, ifng",2
"THERAPEUTIC GONADOTROPIN","amh, bdnf",2
"THYROGLOBULIN","bdnf, il1b",2
"THYROXINE","il18, il2ra",2
"TICARCILLIN","csf2, il2",2
"TILARGININE","il2, bdnf",2
"TIVANTINIB","met",2
"TIVOZANIB HYDROCHLORIDE","flt4, kit",2
"TLR AGONIST CADI-05","tlr4, tlr2",2
"TOFACITINIB","csf3r, flt3",2
"TOMARALIMAB","tlr2",2
"TREBANANIB","angpt2, angpt1",2
"TRIMIPRAMINE","rptor, bdnf",2
"URSODIOL","ifng, cd40lg",2
"VARGATEF","pdgfra, flt4",2
"VEDOLIZUMAB","itga4, itgb7",2
"VEMURAFENIB","efna2, met",2
"VERAPAMIL","il2ra, il1b",2
"VIXARELIMAB","il31, osmr",2
"VOBARILIZUMAB","il6r",2
"VORSETUZUMAB","cd70",2
"X-82","pdgfra, flt4",2
"YUANHUADINE","egfr, met",2
"ZALUTUMUMAB","egfr",2
"ZIDOVUDINE","prl, il10",2
"ZOLEDRONIC ACID ANHYDROUS","tnfrsf11a, spp1",2
"[125I]CGP 23996","faslg, fas",2
"[125I]LTT-SRIF-28","faslg, fas",2
"[125I]NDP-MSH","angpt2, angpt1",2
"[125I]SHU9119","angpt2, angpt1",2
"[125I]TYR10-CST14","faslg, fas",2
"[D-TYR8]CYN 154806","faslg, fas",2
"[L-TYR8]CYN 154806","faslg, fas",2
"&BETA;-CYANO-L-ALANINE","cshl1",1
"&GAMMA;-MSH","angpt1",1
"1-AZAKENPAULLONE","flt4",1
"12-EPI LTB4","amh",1
"12-HYDROXYHEPTADECATRIENOIC ACID","amh",1
"12S-HETE","amh",1
"15S-HETE","amh",1
"3-DEAZAADENOSINE","ccr4",1
"3-[(3-(2-CARBOXYETHYL)-4-METHYLPYRROL-2-YL)METHYLENE]-2-INDOLINONE","igf2",1
"4-PHENYLBUTYRIC ACID","prkca",1
"4-PHENYLENEDIAMINE","il18",1
"4SC-202","flt3",1
"A134974","ccr2",1
"ABCIXIMAB","itga2b",1
"ABEMACICLIB","ccnd2",1
"ABIVERTINIB MALEATE","egfr",1
"ABSCISIC ACID","hgf",1
"ABT-510","fgf2",1
"ABT-737","lpar4",1
"ABT702","ccr2",1
"ACALABRUTINIB","efna1",1
"ACE INHIBITOR","faslg",1
"ACETYLCYSTEINE","vwf",1
"ACITRETIN","il1b",1
"ACLARUBICIN","csf2",1
"ACORAFLOXACIN","ccl18",1
"ACTH","bdnf",1
"ACYCLOVIR","il10",1
"ADAPALENE","bdnf",1
"ADENOVIRUS 5-CD40 LIGAND","fas",1
"AEE-788","egfr",1
"AEE788","egfr",1
"AEW-541","insr",1
"AFATINIB","egfr",1
"AFATINIB DIMALEATE","egfr",1
"AFM-11","cd19",1
"AFM13","tnfrsf8",1
"AG 1295","flt3",1
"AG-13958","flt4",1
"AG1478","egfr",1
"AGI-5198","flt3",1
"AGL 2043","flt3",1
"AGS62P1","flt3",1
"AGT-182","insr",1
"AKN-028","flt3",1
"ALATROFLOXACIN MESYLATE","ccl18",1
"ALDAFERMIN","fgfr4",1
"ALEMTUZUMAB","cxcl12",1
"ALENDRONATE SODIUM","il11",1
"ALFLUTINIB","egfr",1
"ALITRETINOIN","ccr2",1
"ALLITINIB","egfr",1
"ALLOGENEIC ANTI-CD19-CAR-CD28-IL-15-EXPRESSING NATURAL KILLER T-CELLS","cd19",1
"ALLOGENEIC CD123-SPECIFIC UNIVERSAL CAR123-EXPRESSING T-LYMPHOCYTES","il3ra",1
"ALOE-EMODIN","egfr",1
"ALPHA-ADRENERGIC AGONIST","prl",1
"ALPHA-ADRENERGIC ANTAGONIST","prl",1
"ALSTERPAULLONE","flt4",1
"ALT-803","il15ra",1
"ALUM, POTASSIUM","il17f",1
"AM3","faslg",1
"AMG-108","il1a",1
"AMG-157","tslp",1
"AMG-191","kit",1
"AMG-337","met",1
"AMG-729","cd19",1
"AMG-811","ifng",1
"AMG-900","ccne1",1
"AMG553","flt3",1
"AMINOETHOXYVINYLGLYCINE","cshl1",1
"AMOXICILLIN ANHYDROUS","il10",1
"ANAKINRA","il1r2",1
"ANALGESIC AGENT","bdnf",1
"ANALOG 3 [PMID:18543899]","faslg",1
"ANALOG 30 [PMID:18543899]","faslg",1
"ANALOG 31 [PMID:18543899]","faslg",1
"ANALOG 32 [PMID:18543899]","faslg",1
"ANASTROZOLE","igf2",1
"ANRUKINZUMAB","il13",1
"ANTHRACYCLINE ANTINEOPLASTIC ANTIBIOTIC","flt3",1
"ANTI-ANGIOPOIETIN MONOCLONAL ANTIBODY AMG 780","angpt1",1
"ANTI-BCMA CAR T CELLS PREPARATION","tnfrsf17",1
"ANTI-C-FMS MONOCLONAL ANTIBODY AMG 820","csf3r",1
"ANTI-C-MET MONOCLONAL ANTIBODY SAIT301","met",1
"ANTI-CD123 CAR T CELLS PREPARATION","il3ra",1
"ANTI-CD123/CD3 BISPECIFIC ANTIBODY JNJ-63709178","il3ra",1
"ANTI-CD19 CAR T CELLS PREPARATION","cd19",1
"ANTI-CD19 CAR T-CELLS XLCART001","cd19",1
"ANTI-CD20 CAR T CELLS PREPARATION","cd19",1
"ANTI-CD27L ANTIBODY-DRUG CONJUGATE AMG 172","cd70",1
"ANTI-CD30 CAR T CELLS PREPARATION","tnfrsf8",1
"ANTI-CD30 MONOCLONAL ANTIBODY MDX-1401","tnfrsf8",1
"ANTI-CD40 MONOCLONAL ANTIBODY CHI LOB 7/4","cd40lg",1
"ANTI-CD40/ANTI-MESOTHELIN BISPECIFIC ANTIBODY ABBV-428","cd40lg",1
"ANTI-CD70 ANTIBODY-DRUG CONJUGATE MDX-1203","cd70",1
"ANTI-EGFR MONOCLONAL ANTIBODY","met",1
"ANTI-EGFR MONOCLONAL ANTIBODY EMD 55900","egfr",1
"ANTI-EGFR MONOCLONAL ANTIBODY GT-MAB 5.2-GEX","egfr",1
"ANTI-EGFR MONOCLONAL ANTIBODY SYN004","egfr",1
"ANTI-EGFR/HER2/HER3 MONOCLONAL ANTIBODY MIXTURE SYM013","egfr",1
"ANTI-EGFRVIII ANTIBODY DRUG CONJUGATE AMG 595","egfr",1
"ANTI-EGFRVIII IMMUNOTOXIN MR1-1","egfr",1
"ANTI-ERBB3 MONOCLONAL ANTIBODY AV-203","egfr",1
"ANTI-FLT3/CD3 BISPECIFIC ANTIBODY CLN-049","flt3",1
"ANTI-GITR MONOCLONAL ANTIBODY MK-4166","tnfrsf18",1
"ANTI-HGF MONOCLONAL ANTIBODY TAK-701","hgf",1
"ANTI-HIV-1 LENTIVIRAL VECTOR-EXPRESSING SH5/C46 CAL-1","ccr5",1
"ANTI-HUMAN GITR MONOCLONAL ANTIBODY TRX518","tnfrsf18",1
"ANTI-PD-L1 MONOCLONAL ANTIBODY","egfr",1
"ANTI-PD1 MONOCLONAL ANTIBODY","egfr",1
"ANTI-TAC 90 Y-HAT","il2ra",1
"ANTIBIOTIC","bdnf",1
"ANTICONVULSANT AGENT","il1b",1
"ANTINEOPLASTIC AGENT","prl",1
"ANTINEOPLASTIC VACCINE","cd40lg",1
"ANTIOXIDANT","bdnf",1
"ANTIPSYCHOTIC AGENT","prl",1
"ANTITUBERCULAR AGENT","il2ra",1
"AP1189","angpt1",1
"APG-2575","flt3",1
"APLAVIROC HYDROCHLORIDE","ccr5",1
"APR19","bdnf",1
"APRATOXIN F","met",1
"APRINOCARSEN","prkca",1
"ARGATROBAN","f2r",1
"ARGIPRESSIN","bdnf",1
"ARRY-300","met",1
"ARX201","ghr",1
"AS-1409","fn1",1
"AS-602868","flt3",1
"AS101","fas",1
"ASCORBIC ACID","prl",1
"ASK-8007","spp1",1
"ASOPRISNIL","bdnf",1
"ASTEGOLIMAB","il1rl1",1
"ASTX029","flt3",1
"AT-1501","cd40lg",1
"AT-9283","flt3",1
"ATACICEPT","tnfsf13",1
"ATL1102","itga4",1
"ATN-161","itga5",1
"ATOPAXAR","f2r",1
"ATROPINE","f2r",1
"AUMOLERTINIB","egfr",1
"AUTO3","cd19",1
"AUTOANTIGEN","il1b",1
"AUTOLOGOUS ANTI-BCMA-CAR-4-1BB-CD3ZETA-EXPRESSING MEMORY T-LYMPHOCYTES BB21217","tnfrsf17",1
"AUTOLOGOUS ANTI-BCMA-CAR-4-1BB-CD3ZETA-EXPRESSING T-CELLS C-CAR088","tnfrsf17",1
"AUTOLOGOUS ANTI-BCMA-CAR-EXPRESSING CD4+/CD8+ T-LYMPHOCYTES FCARH143","tnfrsf17",1
"AUTOLOGOUS ANTI-BCMA-CAR-MRNA-TRANSFECTED CD8+ T-LYMPHOCYTES","tnfrsf17",1
"AUTOLOGOUS ANTI-BCMA-CAR-TCRZ/4-1BB-EXPRESSING T-LYMPHOCYTES CART-BCMA","tnfrsf17",1
"AUTOLOGOUS ANTI-CD19 CAR T-CELLS IM19","cd19",1
"AUTOLOGOUS ANTI-CD19 CAR-EXPRESSING T-LYMPHOCYTES CLIC-1901","cd19",1
"AUTOLOGOUS ANTI-CD19 CAR-T CELLS TBI-1501","cd19",1
"AUTOLOGOUS ANTI-CD19 CHIMERIC ANTIGEN RECEPTOR T-CELLS C-CAR011","cd19",1
"AUTOLOGOUS ANTI-CD19 CHIMERIC ANTIGEN RECEPTOR T-CELLS SJCAR19","cd19",1
"AUTOLOGOUS ANTI-CD19CAR-4-1BB-CD3ZETA-EGFRT-EXPRESSING T LYMPHOCYTES","cd19",1
"AUTOLOGOUS BCMA/TACI-TARGETED CAR T CELLS AUTO2","tnfrsf17",1
"AUTOLOGOUS CD123CAR-CD28-CD3ZETA-EGFRT-EXPRESSING T LYMPHOCYTES MB-102","il3ra",1
"AUTOLOGOUS CD19 CAR-EXPRESSING CD4+/CD8+ T-CELLS MB-CART19.1","cd19",1
"AUTOLOGOUS CD19CAR-CD28-CD137/CD27/CD3ZETA-ICASP9-EXPRESSING T-LYMPHOCYTES","cd19",1
"AUTOLOGOUS CD30CAR-CD28-CD3ZETA-EXPRESSING T-LYMPHOCYTES","tnfrsf8",1
"AUTOLOGOUS PROSTATE CANCER ANTIGEN-EXPRESSING DENDRITIC CELL VACCINE BPX-101","cd40lg",1
"AV-412","egfr",1
"AVATROMBOPAG","mpl",1
"AVATROMBOPAG MALEATE","mpl",1
"AZ3146","fgfr4",1
"AZ628","efna2",1
"AZATHIOPRINE","il23r",1
"AZD-1080","sgk2",1
"AZD-3759","egfr",1
"AZD-4547","fgfr4",1
"AZD-4769","egfr",1
"AZD-6918","ntrk2",1
"AZD-7451","ntrk2",1
"AZD1678","ccr4",1
"AZD2098","ccr4",1
"AZD2423","ccr2",1
"AZD3229","kit",1
"AZD4877","gng7",1
"AZD5582","gng11",1
"AZD5672","ccr5",1
"AZD8055","rptor",1
"AZD9567","bdnf",1
"AZERCABTAGENE ZAPRELEUCEL","cd19",1
"AZIRIDINE","il2",1
"BACITRACIN","prl",1
"BACLOFEN","bdnf",1
"BAFF","tnfrsf13c",1
"BALUGRASTIM","csf3r",1
"BASS ANTAGONIST","faslg",1
"BATIMASTAT","cxcl2",1
"BAY1217389","fgfr4",1
"BAZEDOXIFENE","il6r",1
"BC11-38","comp",1
"BDTX189","egfr",1
"BECAPLERMIN","pdgfra",1
"BECLOMETHASONE","il2",1
"BELAGENPUMATUCEL-L","tgfb2",1
"BELANTAMAB MAFODOTIN-BLMF","tnfrsf17",1
"BELVARAFENIB","efna2",1
"BEMARITUZUMAB","fgf2",1
"BEMPEGALDESLEUKIN","il2rb",1
"BENRALIZUMAB","il5ra",1
"BENSERAZIDE","csh2",1
"BENZNIDAZOLE","prl",1
"BENZTROPINE","cd27",1
"BEPERMINOGENE PERPLASMID","met",1
"BESIFLOXACIN HYDROCHLORIDE","ccl18",1
"BETA-ADRENERGIC ANTAGONIST","prl",1
"BETA-GLUCAN","cxcl2",1
"BEZUCLASTINIB","kit",1
"BI-853520","ptk2",1
"BI6015","tnfrsf17",1
"BIIB-023","tnfsf12",1
"BIIB091","efna1",1
"BIM 23023","faslg",1
"BIM 23027","faslg",1
"BIM 23030","faslg",1
"BIM 23034","faslg",1
"BIM 23050","fas",1
"BIM 23056","faslg",1
"BIM 23059","faslg",1
"BIM 23060","faslg",1
"BIM 23068","faslg",1
"BIM 23197","faslg",1
"BIMEKIZUMAB","il17f",1
"BINIMETINIB","kit",1
"BINTRAFUSP ALFA","tgfb2",1
"BIO1211","itga4",1
"BIRINAPANT","gng11",1
"BLINATUMOMAB","cd19",1
"BLZ-945","csf3r",1
"BMS-214662","ccr10",1
"BMS-698769","met",1
"BMS-741672","ccr2",1
"BMS-794833","met",1
"BMS-817378","met",1
"BMX-IN-1","efna1",1
"BOC-ATE","faslg",1
"BOP","itga9",1
"BOS172722","fgfr4",1
"BPI-9016","met",1
"BPKDI","ctf1",1
"BRAZIKUMAB","il23a",1
"BRENTUXIMAB","tnfrsf8",1
"BRENTUXIMAB VEDOTIN","tnfrsf8",1
"BREXUCABTAGENE AUTOLEUCEL","cd19",1
"BRIAKINUMAB","il23a",1
"BROMOCRIPTINE","il2",1
"BRYOSTATIN 1","prkca",1
"BT-11","hgf",1
"BUDESONIDE","bdnf",1
"BULEVIRTIDE","cd40lg",1
"BUMETANIDE","gnb3",1
"BUPIVACAINE","lif",1
"BUSPIRONE","prl",1
"BUTAMBEN","bmp2",1
"BUTYRIC ACID","fas",1
"BV-6","gng11",1
"C-1311","flt3",1
"C-MET INHIBITOR","met",1
"C-MET INHIBITOR AMG 208","met",1
"C-MET INHIBITOR AMG 337","met",1
"C-MET INHIBITOR MK2461","met",1
"CA19-9 ANTIGEN","hgf",1
"CABAZITAXEL","igf2",1
"CABIRALIZUMAB","csf2",1
"CALCITONIN","spp1",1
"CALCITRIOL","il2",1
"CALCIUM GLUCONATE","prl",1
"CAMIDANLUMAB TESIRINE","il2ra",1
"CAMPTOTHECIN","bdnf",1
"CANAKINUMAB","il1b",1
"CANERTINIB","egfr",1
"CANERTINIB DIHYDROCHLORIDE","egfr",1
"CANOCTAKIN","cxcr1",1
"CAPECITABINE","areg",1
"CAPLACIZUMAB-YHDP","vwf",1
"CAPMATINIB","met",1
"CAPMATINIB HYDROCHLORIDE","met",1
"CARBOPLATIN","egfr",1
"CARBOXYAMIDOTRIAZOLE OROTATE","il2",1
"CARDIOTROPHIN-1","ctf1",1
"CAY10583","amh",1
"CCL17","ccr4",1
"CCL22","ccr4",1
"CCR5 MAB","ccr5",1
"CCR5MAB004","ccr5",1
"CCT196969","efna2",1
"CCT241161","efna2",1
"CD19-TARGETED CAR T2 CELLS","cd19",1
"CD19CAR-CD3ZETA-4-1BB-EXPRESSING ALLOGENEIC T-LYMPHOCYTE CELLS","cd19",1
"CDK INHIBITOR SNS-032","ccne1",1
"CDP-484","il1b",1
"CDX-301","flt3",1
"CEFACLOR ANHYDROUS","il1b",1
"CEFEPIME","il2",1
"CELASTROL","il1b",1
"CELECOXIB","il23r",1
"CELL DIFFERENTIATING AGENT","il2",1
"CEMIPLIMAB-RWLC","egfr",1
"CENDAKIMAB","il13",1
"CENICRIVIROC MESYLATE","ccr5",1
"CEP-37440","ptk2",1
"CEP-5214","flt4",1
"CEP-7055","flt4",1
"CERDULATINIB","syk",1
"CERITINIB","insr",1
"CETUXIMAB SAROTALOCAN","egfr",1
"CETUXIMAB SAROTALOCAN SODIUM","egfr",1
"CEVIDOPLENIB DIMESYLATE","syk",1
"CG0070","csf2ra",1
"CH 275","fas",1
"CHEMBL:CHEMBL1077773","egfr",1
"CHEMBL:CHEMBL1078000","egfr",1
"CHEMBL:CHEMBL1321401","bmp2",1
"CHEMBL:CHEMBL1358137","egfr",1
"CHEMBL:CHEMBL1467165","bmp2",1
"CHEMBL:CHEMBL1836411","tlr2",1
"CHEMBL:CHEMBL1927048","bmp2",1
"CHEMBL:CHEMBL219557","egfr",1
"CHEMBL:CHEMBL2333445","ptk2",1
"CHEMBL:CHEMBL27768","prkca",1
"CHEMBL:CHEMBL29197","egfr",1
"CHEMBL:CHEMBL379975","syk",1
"CHEMBL:CHEMBL399530","met",1
"CHEMBL:CHEMBL456559","ptk2",1
"CHEMBL:CHEMBL519155","lpar3",1
"CHEMBL:CHEMBL536151","flt3",1
"CHEMBL:CHEMBL578061","kit",1
"CHEMBL:CHEMBL85826","stat1",1
"CHIR-265","efna2",1
"CHLORAMBUCIL","cxcl12",1
"CHLOROTHIAZIDE","cd70",1
"CHLORPROMAZINE","bdnf",1
"CHOLECALCIFEROL","fas",1
"CHONDROITIN SULFATES","spp1",1
"CI-1040","prkca",1
"CIBINETIDE","csf2rb",1
"CILENGITIDE","itga5",1
"CILOSTAMIDE","col9a3",1
"CILTACABTAGENE AUTOLEUCEL","tnfrsf17",1
"CINROMIDE","cd27",1
"CIPATINIB","egfr",1
"CIPROFLOXACIN","ccl18",1
"CIPROFLOXACIN HYDROCHLORIDE","ccl18",1
"CITALOPRAM","il11",1
"CLADRIBINE","il2ra",1
"CLARITHROMYCIN","il10",1
"CLOFARABINE","flt3",1
"CLOMIPHENE","prl",1
"CLOMIPHENE CITRATE","lif",1
"CLONIDINE HYDROCHLORIDE","prl",1
"CLOPIDOGREL","f2r",1
"CMX-2043","met",1
"CNTO-5825","il13",1
"COLLOIDAL GOLD-BOUND TUMOR NECROSIS FACTOR","tnfrsf1b",1
"COMPOUND 1 [PMID: 16821802]","csf3r",1
"COMPOUND 13 [PMID: 23098072]","tlr2",1
"COMPOUND 13C [PMID: 20684591]","ctf1",1
"COMPOUND 15 [PMID: 24900237]","fhl1",1
"COMPOUND 2 [PMID: 26061392]","efna2",1
"COMPOUND 20 [PMID: 30998356]","fgfr4",1
"COMPOUND 20 [PMID: 34432979]","gng11",1
"COMPOUND 22 [WO2019141694A1]","f2r",1
"COMPOUND 27F [PMID: 25625617]","fgfr4",1
"COMPOUND 28 [PMID: 16460935]","fn1",1
"COMPOUND 31 [PMID: 24915291]","efna1",1
"COMPOUND 31 [PMID: 31259550]","ccr4",1
"COMPOUND 34 [PMID: 25974391]","fgf7",1
"COMPOUND 34H [PMID: 27055065]","fgfr4",1
"COMPOUND 38 [PMID: 24915291]","efna1",1
"COMPOUND 6EE [PMID: 22364528]","cxcr3",1
"COMPOUND 8IC [PMID: 19081254]","ccr4",1
"COMPOUND 9 [PMID: 26006010]","efna1",1
"CONTELTINIB","ptk2",1
"COPANLISIB","kit",1
"CP-195543","amh",1
"CR002","pdgfd",1
"CRETOSTIMOGENE GRENADENOREPVEC","csf2",1
"CRT 0066101","ctf1",1
"CRX-555","tlr4",1
"CSL-324","csf3r",1
"CSL-360","il3ra",1
"CT-1578","flt3",1
"CUDC-101","egfr",1
"CUSATUZUMAB","cd70",1
"CVX-060","angpt2",1
"CVX-241","angpt2",1
"CYCLIC GMP","col9a3",1
"CYCLO(7-12) DES-AA1,2,5-[GLU7,D-TRP8,IAMP9,M-I-TYR11,HHLYS12]SRIF","fas",1
"CYCLOTHIAZIDE","cd70",1
"CYPROHEPTADINE HYDROCHLORIDE","prl",1
"DABRAFENIB","efna2",1
"DACARBAZINE","fn1",1
"DACOMITINIB ANHYDROUS","egfr",1
"DAIDZEIN","lif",1
"DALANTERCEPT","bmp10",1
"DANUSERTIB","flt3",1
"DAPIROLIZUMAB PEGOL","cd40lg",1
"DAROMUN","fn1",1
"DC 23-60","faslg",1
"DDO-3055","cxcr3",1
"DECTREKUMAB","il13",1
"DEFACTINIB","ptk2",1
"DEFEROXAMINE","cxcl2",1
"DEGLYCOSYLATED RICIN A CHAIN-CONJUGATED ANTI-CD19/ANTI-CD22 IMMUNOTOXINS","cd19",1
"DELAFLOXACIN MEGLUMINE","ccl18",1
"DEMOTATE 2","faslg",1
"DENENICOKIN","il21r",1
"DENFIVONTINIB HYDROCHLORIDE","flt3",1
"DENINTUZUMAB","cd19",1
"DENINTUZUMAB MAFODOTIN","cd19",1
"DEPATUXIZUMAB","egfr",1
"DEPATUXIZUMAB MAFODOTIN","egfr",1
"DES-AA1,2,5,12,13-[D-TRP8]SRIF","fas",1
"DES-AA1,5-[TYR2,D-TRP8,IAMP9]SRIF","fas",1
"DES-AA5-[D-TRP8]SRIF","fas",1
"DES-ALA1,2,5-[D-TRP8,IAMP9]SRIF","fas",1
"DESIRUDIN","f2r",1
"DEXAMETHASONE","lif",1
"DEXAMETHASONE ACETATE","prl",1
"DEXPROPRANOLOL","cd40lg",1
"DEXTRAN SULFATE","il2ra",1
"DHA-PACLITAXEL","il2ra",1
"DIAPEP 277","tlr2",1
"DIAZIQUONE","csf2",1
"DIDEMNIN B","il2",1
"DIETHYLDITHIOCARBAMATE","ntrk2",1
"DIETHYLSTILBESTROL DIPHOSPHATE","il2",1
"DIMETHYL SULFOXIDE","itga5",1
"DIMETHYLCURCUMIN","egfr",1
"DIMETHYLSPINGOSINE","prkca",1
"DINACICLIB","ccne1",1
"DINITROCHLOROBENZENE","il2ra",1
"DIPROVOCIM-1","tlr2",1
"DNA METHYLTRANSFERASE INHIBITOR","stat4",1
"DOCETAXEL ANHYDROUS","igf2",1
"DOCOSANOL","gh1",1
"DONEPEZIL","bdnf",1
"DOTA-BASS","faslg",1
"DOTA-JR11","faslg",1
"DOXIFLURIDINE","ifng",1
"DRONABINOL","bdnf",1
"DTRIM24","fgf7",1
"DUBERMATINIB","flt3",1
"DUPILUMAB","il4r",1
"DURVALUMAB","egfr",1
"DUVORTUXIZUMAB","cd19",1
"DYDROGESTERONE","bdnf",1
"E-7820","itga2",1
"E913","ccr5",1
"EBDAROKIMAB","il23a",1
"EBLASAKIMAB","il13ra1",1
"EC 5-21","faslg",1
"EDELFOSINE","fas",1
"EDOTREOTIDE","faslg",1
"EFAVIRENZ","il10",1
"EFBEMALENOGRASTIM ALFA","csf3",1
"EFLORNITHINE","prl",1
"EFMARODOCOKIN ALFA","il22",1
"EGAPTIVON PEGOL","vwf",1
"ELRANATAMAB","tnfrsf17",1
"ELTROMBOPAG","mpl",1
"EMAPALUMAB-LZSG","ifng",1
"EMD-1204831","met",1
"EMPESERTIB","fgfr4",1
"ENARODUSTAT","cxcr3",1
"ENASIDENIB","flt3",1
"ENOXACIN","ccl18",1
"ENOXAPARIN SODIUM","itga2b",1
"ENOXOLONE","prkca",1
"ENZASTAURIN","prkca",1
"EPICATECHIN GALLATE","met",1
"EPIDERMAL GROWTH FACTOR RECEPTOR TYROSINE KINASE INHIBITOR","egfr",1
"EPIGALLOCATECHIN-3-GALLATE","met",1
"EPIRUBICIN","insr",1
"EPITINIB","egfr",1
"EPTIFIBATIDE","itga2b",1
"ERDAFITINIB","fgfr4",1
"ERGOT ALKALOIDS","bdnf",1
"ERITORAN","tlr4",1
"ERITORAN TETRASODIUM","tlr4",1
"ERLOTINIB HYDROCHLORIDE","egfr",1
"ERYTHROMYCIN","il1b",1
"ESTRADIOL DIPROPIONATE","fgf2",1
"ESTRONE SULFATE","prl",1
"ETARACIZUMAB","itga5",1
"ETOPOSIDE","igf2",1
"ETROLIZUMAB","itgb7",1
"EUCALYPTIN A","met",1
"EXARAFENIB","efna2",1
"EXEMESTANE","tcl1a",1
"FADRACICLIB","ccne1",1
"FALNIDAMOL","egfr",1
"FAMCICLOVIR","csf2",1
"FAMOTIDINE","fgf2",1
"FARICIMAB","angpt2",1
"FARNESYLTRANSFERASE/GERANYLGERANYLTRANSFERASE INHIBITOR L-778,123","il2ra",1
"FAS LIGAND","fas",1
"FASUDIL","sgk2",1
"FEDRATINIB","flt3",1
"FEDRATINIB HYDROCHLORIDE","flt3",1
"FENOFIBRATE MICRONIZED","cd40lg",1
"FENTANYL CITRATE","lamb3",1
"FEXAGRATINIB","fgfr4",1
"FEZAKINUMAB","il22",1
"FGF-6","fgfr4",1
"FGF401","fgfr4",1
"FGFR INHIBITOR ASP5878","fgfr4",1
"FGFR4 ANTAGONIST INCB062079","fgfr4",1
"FICLATUZUMAB","hgf",1
"FIMEPINOSTAT","flt3",1
"FINAFLOXACIN","ccl18",1
"FLOTETUZUMAB","il3ra",1
"FLOXURIDINE","fas",1
"FLT-3 INHIBITOR","flt3",1
"FLT3 INHIBITOR BMF-500","flt3",1
"FLT3 INHIBITOR FF-10101 SUCCINATE","flt3",1
"FLT3 TYROSINE KINASE INHIBITOR TTT-3002","flt3",1
"FLT3/ABL/AURORA KINASE INHIBITOR KW-2449","flt3",1
"FLT3/CDK4/6 INHIBITOR FLX925","flt3",1
"FLUDARABINE","cxcl12",1
"FLUMATINIB","kit",1
"FLUOXETINE HYDROCHLORIDE","igf2",1
"FLUOXYMESTERONE","prl",1
"FLURAZEPAM","prl",1
"FLURBIPROFEN","bdnf",1
"FLUTAMIDE","il2ra",1
"FLUVOXAMINE","fgf2",1
"FLYSYN","flt3",1
"FN-1501","flt3",1
"FOLIC ACID","tlr4",1
"FONTOLIZUMAB","ifng",1
"FOSTAMATINIB","syk",1
"FOSTAMATINIB DISODIUM","syk",1
"FP-1039","fgfr4",1
"FPA144","fgf2",1
"FRESOLIMUMAB","tgfb2",1
"FRUQUINTINIB","flt4",1
"FTI 276","ccr10",1
"FULRANUMAB","ngfr",1
"FUMARIC ACID","ifng",1
"FUROSEMIDE","gnb3",1
"FUTIBATINIB","fgfr4",1
"FUTUXIMAB/MODOTUXIMAB MIXTURE","egfr",1
"G&OUML; 6976","ctf1",1
"G100","tlr4",1
"GA-DOTA-NOC","faslg",1
"GA-KE88","faslg",1
"GA-NODAGA-LM3","faslg",1
"GALLIUM NITRATE","il1b",1
"GALLOCATECHIN GALLATE","met",1
"GAMBOGIC AMIDE","ntrk2",1
"GANCICLOVIR","ifng",1
"GANITUMAB","igf2",1
"GANTOFIBAN","itga2b",1
"GARCINOL","stat1",1
"GARENOXACIN MESYLATE","ccl18",1
"GARLIC EXTRACT","il2",1
"GATIFLOXACIN ANHYDROUS","ccl18",1
"GC1118","egfr",1
"GDC-0152","gng11",1
"GDC-0879","efna2",1
"GEMCITABINE","igf2",1
"GEMFIBROZIL","bdnf",1
"GEMIFLOXACIN MESYLATE","ccl18",1
"GENISTEIN","prl",1
"GEPOTIDACIN","ccl18",1
"GEVOKIZUMAB","il1b",1
"GILTERITINIB FUMARATE","flt3",1
"GIMSILUMAB","csf2",1
"GLASDEGIB","flt3",1
"GLATIRAMER","ccr5",1
"GLUCAGON (RDNA)","bdnf",1
"GLUCOSAMINE","il1b",1
"GLUTAMINE","igf2",1
"GLYBURIDE","il2",1
"GLYCOPEG-GCSF","csf3r",1
"GM-CSF-ENCODING ONCOLYTIC ADENOVIRUS CGTG-102","csf2",1
"GMI-1359","flt3",1
"GNE-7915","fgfr4",1
"GOLVATINIB","met",1
"GONADOTROPIN, CHORIONIC","hgf",1
"GONADOTROPIN-RELEASING HORMONE ANALOG","prl",1
"GOSSYPOL","prl",1
"GP-120 ANTIGEN","bdnf",1
"GP100 ANTIGEN","csf2",1
"GRACILIN A","egfr",1
"GRACILIN J","egfr",1
"GREPAFLOXACIN HYDROCHLORIDE","ccl18",1
"GSK-1070806","il18",1
"GSK-2239633","ccr4",1
"GSK-2256098","ptk2",1
"GSK-690693","prkca",1
"GSK1795091","tlr4",1
"GSK2239633A","ccr4",1
"GSK2646264","syk",1
"GSK690693","flt3",1
"GTP-14564","flt3",1
"GUSACITINIB","syk",1
"GUSELKUMAB","il23a",1
"GUTTIFERONE K","stat1",1
"GW-2580","ntrk2",1
"H2O2","bdnf",1
"HALOFUGINONE","il2",1
"HCBE-11","ltbr",1
"HEFI-1","tnfrsf8",1
"HEPATITIS B VACCINE","il2ra",1
"HERBIMYCIN A","flt3",1
"HETROMBOPAG","mpl",1
"HETROMBOPAG OLAMINE","mpl",1
"HGS-1025","ccr5",1
"HJC 0350","col6a3",1
"HORSE ANTI-MOUSE ANTI-LYMPHOCYTE SERUM","csf2",1
"HSP90 INHIBITOR LAM-003","flt3",1
"HUMAN INTERLEUKIN-2","il2",1
"HUMAN THYMOSIN-FRACTION 5","il2ra",1
"HUMIK-BETA-1","il2rb",1
"HYDRALAZINE / ISOSORBIDE DINITRATE","gnb3",1
"HYDROCORTISONE BUTYRATE","il1b",1
"HYDROQUINONE","il1b",1
"HYDROXYCHLOROQUINE","il1a",1
"HYPERBARIC OXYGEN","bdnf",1
"HYPOXIS HEMEROCALLIDEA ROOT EXTRACT","prl",1
"IBCASERTIB","flt4",1
"IBUDILAST","il1b",1
"ICOTINIB","egfr",1
"ICOTINIB HYDROCHLORIDE","egfr",1
"IDRX-42","kit",1
"IL-10","osm",1
"IL-15","il15ra",1
"IL-21","il21",1
"IL-9","il9r",1
"ILACIRNON","ccr2",1
"ILODECAKIN","il10",1
"IMC-3C5","flt4",1
"IMC-EB10","flt3",1
"IMIPENEM ANHYDROUS","il2",1
"IMIPRAMINE HYDROCHLORIDE","bdnf",1
"IMMUNOTHERAPEUTIC AGENT","ccl18",1
"IMMUNOTOXIN","csf2",1
"IN-NODAGATOC","faslg",1
"INAMRINONE","col9a3",1
"INCB3284","ccr2",1
"INDINAVIR","csf2",1
"INDIUM-111","egfr",1
"INDOXIMOD","rptor",1
"INEBILIZUMAB-CDON","cd19",1
"INFIGRATINIB PHOSPHATE","fgfr4",1
"INGENOL MEBUTATE","prkca",1
"INHIBITOR CB3","cd27",1
"INHIBITOR E18","cd27",1
"INHIBITOR E4","cd27",1
"INOLIMOMAB","il2ra",1
"INOSITOL","bdnf",1
"INOTUZUMAB OZOGAMICIN","gng4",1
"INSULIN ASPART PROTAMINE RECOMBINANT","insr",1
"INSULIN ASPART PROTAMINE, HUMAN","insr",1
"INSULIN DEGLUDEC","insr",1
"INSULIN DETEMIR","insr",1
"INSULIN GLARGINE-YFGN","insr",1
"INSULIN GLULISINE, HUMAN","insr",1
"INSULIN HUMAN, ISOPHANE","insr",1
"INSULIN LISPRO PROTAMINE RECOMBINANT","insr",1
"INSULIN LISPRO-AABC","insr",1
"INSULIN PEGLISPRO","insr",1
"INSULIN PURIFIED BEEF","insr",1
"INSULIN PURIFIED PORK","insr",1
"INSULIN SENSITIZER S-707106","insr",1
"INSULIN SUSP ISOPHANE BEEF","insr",1
"INSULIN SUSP ISOPHANE BEEF/PORK","insr",1
"INSULIN SUSP ISOPHANE PURIFIED BEEF","insr",1
"INSULIN SUSP ISOPHANE PURIFIED PORK","insr",1
"INSULIN SUSP ISOPHANE RECOMBINANT HUMAN","insr",1
"INSULIN SUSP ISOPHANE SEMISYNTHETIC PURIFIED HUMAN","insr",1
"INSULIN SUSP PROTAMINE ZINC BEEF/PORK","insr",1
"INSULIN SUSP PROTAMINE ZINC PURIFIED BEEF","insr",1
"INSULIN SUSP PROTAMINE ZINC PURIFIED PORK","insr",1
"INSULIN TREGOPIL","insr",1
"INSULIN ZINC SUSP BEEF","insr",1
"INSULIN ZINC SUSP EXTENDED BEEF","insr",1
"INSULIN ZINC SUSP EXTENDED PURIFIED BEEF","insr",1
"INSULIN ZINC SUSP EXTENDED RECOMBINANT HUMAN","insr",1
"INSULIN ZINC SUSP PROMPT BEEF","insr",1
"INSULIN ZINC SUSP PROMPT PURIFIED PORK","insr",1
"INSULIN ZINC SUSP PURIFIED BEEF","insr",1
"INSULIN ZINC SUSP PURIFIED BEEF/PORK","insr",1
"INSULIN ZINC SUSP PURIFIED PORK","insr",1
"INSULIN ZINC SUSP RECOMBINANT HUMAN","insr",1
"INSULIN ZINC SUSP SEMISYNTHETIC PURIFIED HUMAN","insr",1
"INSULIN ZINC, EXTENDED","insr",1
"INSULIN ZINC, PROMPT","insr",1
"INSULIN [INJECTION], BIPHASIC","insr",1
"INSULIN, ISOPHANE","insr",1
"INSULIN, PROTAMINE ZINC","insr",1
"INSULIN, REGULAR, PORK","insr",1
"INTEGRIN RECEPTOR ANTAGONIST GLPG0187","itga5",1
"INTERFERON BETA-1A","ifnb1",1
"INTERFERON GAMMA-1B","ifngr2",1
"INTERLEUKIN-11","csf2",1
"INTERLEUKIN-12","stat4",1
"INTERLEUKIN-12 GENE","csf2",1
"INTERLEUKIN-2 GENE","il2ra",1
"INTERLEUKIN-3","csf3",1
"IONIS-FGFR4RX","fgfr4",1
"IONOMYCIN","bdnf",1
"IOX1","cxcr3",1
"IOX2","cxcr3",1
"IPATASERTIB","flt3",1
"IPILIMUMAB","egfr",1
"IPRIFLAVONE","stat1",1
"IRATUMUMAB","tnfrsf8",1
"IRBESARTAN","cd40lg",1
"IRINOTECAN HYDROCHLORIDE","areg",1
"ISOPROTERENOL","csf2",1
"ISOSORBIDE DINITRATE","prl",1
"ISOTRETINOIN","il2ra",1
"ITACNOSERTIB","flt3",1
"ITRACONAZOLE","il2",1
"JCAR014","cd19",1
"JNJ-38877605","met",1
"JNJ-41443532","ccr2",1
"JNJ-64264681","efna1",1
"K 252A","flt3",1
"K-252A","bdnf",1
"KB-NB142-70","ctf1",1
"KB002","csf2",1
"KBP5209","egfr",1
"KITE-585","tnfrsf17",1
"KW-2449","flt3",1
"KW-2450","insr",1
"L-054,522","faslg",1
"L-21649","flt4",1
"L-363,301","faslg",1
"L-363,377","faslg",1
"L-739,750","ccr10",1
"L-779,976","faslg",1
"L-797,591","fas",1
"L-817,818","fas",1
"L19IL2","fn1",1
"L19SIP 131I","fn1",1
"L19TNFA","fn1",1
"L779450","efna2",1
"LACTULOSE","csf2",1
"LADARIXIN","cxcr1",1
"LANRAPLENIB","syk",1
"LANREOTIDE ACETATE","faslg",1
"LANSOPRAZOLE","il1b",1
"LAPRITUXIMAB EMTANSINE","egfr",1
"LAROTRECTINIB","ntrk2",1
"LAROTRECTINIB SULFATE","ntrk2",1
"LAS38096","flt3",1
"LAUROGUADINE","ntrk2",1
"LAZERTINIB","egfr",1
"LB42908","ccr10",1
"LCL161","gng11",1
"LEBRIKIZUMAB","il13",1
"LENOGRASTIM","csf3r",1
"LENTINAN","il2ra",1
"LENVATINIB MESYLATE","flt4",1
"LERDELIMUMAB","tgfb2",1
"LERIDISTIM","csf2rb",1
"LERONLIMAB","ccr5",1
"LETROZOLE","kit",1
"LEUCOVORIN CALCIUM","egfr",1
"LEUKOCYTE INTERLEUKIN","il2rb",1
"LEUVECTIN","il2",1
"LEVILIMAB","il6r",1
"LEVODOPA","bdnf",1
"LEVOFLOXACIN ANHYDROUS","ccl18",1
"LEVONORGESTREL","bdnf",1
"LIFIRAFENIB","efna2",1
"LINOLEIC ACID","tnfrsf17",1
"LIOTHYRONINE","bdnf",1
"LIPEGFILGRASTIM","csf3r",1
"LMB-2","il2ra",1
"LOMUSTINE","egfr",1
"LONAPEGSOMATROPIN","ghr",1
"LONCASTUXIMAB TESIRINE","cd19",1
"LORUKAFUSP ALFA","il2",1
"LOVASTATIN","prl",1
"LPS","tlr4",1
"LTB4","amh",1
"LUCATUMUMAB","cd40lg",1
"LUCITANIB","flt4",1
"LUSPATERCEPT-AAMT","tgfb2",1
"LUSUTROMBOPAG","mpl",1
"LUT014","efna2",1
"LUVIXASERTIB","fgfr4",1
"LUXEPTINIB","flt3",1
"LY-2874455","fgfr4",1
"LY255283","amh",1
"LY3009120","efna2",1
"LYOPHILIZED HUMAN RECOMBINANT INTERFERON-BETA 1A FP-1201","ifnb1",1
"M-1095","il17f",1
"M-CSF","itga5",1
"MAB-425","egfr",1
"MABP1","il1a",1
"MACROCARPAL A","met",1
"MACROCARPAL B","met",1
"MAFOSFAMIDE","il1b",1
"MALTOTRIOSE-[125I][TYR3,THR8]OCTREOTIDE","faslg",1
"MANNITOL","prl",1
"MARAVIROC","ccr5",1
"MART-1 ANTIGEN","csf2",1
"MASOPROCOL","csf2",1
"MATUZUMAB","egfr",1
"MAVELERTINIB","egfr",1
"MAXY-G34","csf3r",1
"MBP10","angpt2",1
"MC-1","lpar4",1
"MCL0129","angpt2",1
"MDX-1342","cd19",1
"MDX-1411","cd70",1
"MDX-447","egfr",1
"MECHLORETHAMINE","csf2",1
"MEDI-3617","angpt2",1
"MEDICATION","bdnf",1
"MEDROXYPROGESTERONE ACETATE","bdnf",1
"MEGESTROL ACETATE","il2ra",1
"MELANOMA VACCINE","csf2",1
"MELK INHIBITOR OTS167","flt3",1
"MELPHALAN","ifng",1
"MEPOLIZUMAB","pdgfra",1
"MERCAPTOPURINE","il2ra",1
"MERESTINIB","met",1
"MESALAMINE","il10",1
"MET TYROSINE KINASE INHIBITOR SGX523","met",1
"METFORMIN GLYCINATE","insr",1
"METHAZOLAMIDE","insr",1
"METHYLCURCUMIN","egfr",1
"METHYLENE BLUE ANHYDROUS","vwf",1
"METOCLOPRAMIDE HYDROCHLORIDE","il2",1
"METOLAZONE","cd70",1
"MIK-BETA-1","il2rb",1
"MILODISTIM","csf2ra",1
"MILRINONE","col9a3",1
"MILTEFOSINE","csf2",1
"MIRIKIZUMAB","il23a",1
"MISTLETOE EXTRACT","il2",1
"MITOFLAXONE","csf2",1
"MITOGEN-ACTIVATED PROTEIN KINASE INHIBITOR","il1b",1
"MITOGLITAZONE","insr",1
"MITOXANTRONE","flt3",1
"MIVAVOTINIB CITRATE","syk",1
"MK-0812","ccr2",1
"MK-8033","met",1
"MM-151","egfr",1
"MOBOCERTINIB","egfr",1
"MOBOCERTINIB SUCCINATE","egfr",1
"MODOTUXIMAB","egfr",1
"MOGAMULIZUMAB","ccr4",1
"MOLGRAMOSTIM","csf2ra",1
"MONOCLONAL ANTIBODY R24","il2ra",1
"MONOMETHYL FUMARATE","csf2",1
"MOTESANIB DIPHOSPHATE","kit",1
"MOXETUMOMAB PASUDOTOX","gng4",1
"MOXIFLOXACIN","ccl18",1
"MP-412","egfr",1
"MPI-0479605","fgfr4",1
"MPS1-IN-1","fgfr4",1
"MRX-2843","flt3",1
"MU-BC-1","fn1",1
"MULTIDRUG RESISTANCE MODULATOR","csf2",1
"MULTIKINASE INHIBITOR AEE788","egfr",1
"MUROMONAB-CD3","cd40lg",1
"MYCOPHENOLATE","il18",1
"N-(5-{4-CHLORO-3-[(2-HYDROXYETHYL)SULFAMOYL]PHENYL}-4-METHYL-1,3-THIAZOL-2-YL)ACETAMIDE","f2r",1
"NADIFLOXACIN","ccl18",1
"NAGRESTIPEN","ccl3",1
"NAMILUMAB","csf2",1
"NANOPARTICLE ALBUMIN-BOUND THIOCOLCHICINE DIMER NAB-5404","hgf",1
"NAPORAFENIB","efna2",1
"NAQUOTINIB","egfr",1
"NAVOXIMOD","col4a2",1
"NAZARTINIB","egfr",1
"NC 8-12","faslg",1
"NECITUMUMAB","egfr",1
"NELFINAVIR","tlr4",1
"NEMONOXACIN","ccl18",1
"NEOCEPTIN-3","tlr4",1
"NEOVASTAT","fgf2",1
"NERATINIB","egfr",1
"NERATINIB MALEATE","egfr",1
"NICOTINE POLACRILEX","bdnf",1
"NIK SMI1","ctf1",1
"NILUTAMIDE","prl",1
"NIMUSTINE","il1b",1
"NITROGLYCERIN","egfr",1
"NIVOLUMAB","egfr",1
"NMS-P715","fgfr4",1
"NOC-ATE","faslg",1
"NODAGA-[TYR3]-OCTREOTIDE","faslg",1
"NONSTEROIDAL ANTIINFLAMMATORY DRUG","fgf2",1
"NORFLOXACIN","ccl18",1
"NORMAL SALINE","bdnf",1
"NSC61610","hgf",1
"NYSTATIN","bdnf",1
"OBEXELIMAB","cd19",1
"OCTREOTIDE ACETATE","faslg",1
"OFRANERGENE OBADENOVEC","fas",1
"OLAPARIB","flt3",1
"OLAPTESED PEGOL","cxcl12",1
"OLARATUMAB","pdgfra",1
"OLEOCANTHAL","met",1
"OLMUTINIB","egfr",1
"OMACETAXINE MEPESUCCINATE","flt3",1
"OMEPRAZOLE","csf2",1
"ONAPRISTONE","bdnf",1
"ONARTUZUMAB","met",1
"ONCOLYSIN B","cd19",1
"ONFEKAFUSP ALFA","fn1",1
"ONO-7475","flt3",1
"ORAL CONTRACEPTIVE","prl",1
"ORG2058","bdnf",1
"ORVACABTAGENE AUTOLEUCEL","tnfrsf17",1
"OSIMERTINIB MESYLATE","egfr",1
"OXIDOPAMINE","bdnf",1
"OZENOXACIN","ccl18",1
"P-BCMA-101","tnfrsf17",1
"PACANALOTAMAB","tnfrsf17",1
"PACRITINIB CITRATE","flt3",1
"PALIFERMIN","fgfr4",1
"PAN-HER KINASE INHIBITOR AC480","egfr",1
"PANCREATIC PROTEOLYTIC ENZYMES","hgf",1
"PARIDIPRUBART","tlr4",1
"PASCOLIZUMAB","il4",1
"PATECLIZUMAB","lta",1
"PATIDEGIB","flt3",1
"PATRITUMAB","egfr",1
"PAZOPANIB HYDROCHLORIDE","kit",1
"PD 174265","egfr",1
"PD-168393","egfr",1
"PD98059","flt3",1
"PEGENZILEUKIN","il2rb",1
"PEGFILGRASTIM BIOSIMILAR LA-EP2006","csf3",1
"PEGFILGRASTIM-JMDB","csf3r",1
"PEGINTERFERON BETA-1A","ifnb1",1
"PEGTEOGRASTIM","csf3r",1
"PEGVISOMANT","ghr",1
"PELITINIB","egfr",1
"PEMETREXED DISODIUM","egfr",1
"PENTAMIDINE","il1b",1
"PENTAMIDINE ISETHIONATE","il2",1
"PENTOSAN POLYSULFATE","fgf2",1
"PEPTIDOGLYCAN","tlr2",1
"PERTUSSIS VACCINE","tlr4",1
"PEXASTIMOGENE DEVACIREPVEC","csf2",1
"PF-03882845","bdnf",1
"PF-04605412","itga5",1
"PF-04691502","flt3",1
"PF-05230907","egfr",1
"PF-06459988","egfr",1
"PF-06823859","ifnb1",1
"PF-232798","ccr5",1
"PF-4136309","ccr2",1
"PG-102","cd40lg",1
"PG-106","angpt1",1
"PHA-665752","met",1
"PHA-767491","sgk2",1
"PHENOBARBITAL","prl",1
"PHENOTHIAZINE","prl",1
"PHI-101","flt3",1
"PHORBOL 12-MYRISTATE 13-ACETATE","prkca",1
"PHOSPHODIESTERASE INHIBITOR","prl",1
"PHOTOSENSITIZING AGENT","fgf2",1
"PHYTOCHEMICAL","il2",1
"PI3K/BET INHIBITOR LY294002","kit",1
"PICOPLATIN","stat1",1
"PIMAGEDINE","ccr2",1
"PIMURUTAMAB","egfr",1
"PITRAKINRA","il4r",1
"PKI166","egfr",1
"PLATINUM","csf2",1
"PLERIXAFOR","ccr2",1
"PLIXORAFENIB","efna2",1
"PLONMARLIMAB","csf2",1
"PLUMBAGIN","egfr",1
"PLX-4720","efna2",1
"PLX-5622","csf3r",1
"PLX-7486","ntrk2",1
"PLX7486","csf3r",1
"POLYSIALIC ACID","bdnf",1
"POLYVALENT VACCINE","il1b",1
"POZIOTINIB","egfr",1
"PP2","pdgfra",1
"PRASTERONE","il2",1
"PREGNANT MARE SERUM GONADOTROPIN","prl",1
"PRN694","efna1",1
"PROCARBAZINE","csf2",1
"PROCHLORPERAZINE","il2",1
"PROGESTERONE ANTAGONIST","prl",1
"PROMEGESTONE","bdnf",1
"PROMETHAZINE HYDROCHLORIDE","prl",1
"PROPARGYLGLYCINE","cshl1",1
"PROTEASE INHIBITOR","cd27",1
"PROTEIN KINASE INHIBITOR","bdnf",1
"PROTEIN PHOSPHATASE INHIBITOR","spp1",1
"PROTEIN SYNTHESIS INHIBITOR","prl",1
"PROTON PUMP INHIBITOR","il10",1
"PRT-2607","syk",1
"PRULIFLOXACIN","ccl18",1
"PRX-321","il4r",1
"PTC299","flt4",1
"PUQUITINIB","egfr",1
"PYRAZINAMIDE","fas",1
"PYRAZOLE","fgf2",1
"PYRIMETHAMINE","il2",1
"PYROTINIB","egfr",1
"PZ-128","f2r",1
"QAX-576","il13",1
"QUERCETIN","prkca",1
"QUETMOLIMAB","cx3cl1",1
"QUININE","il2",1
"QUISOVALIMAB","tnfsf14",1
"R-112","syk",1
"R-333","syk",1
"R-343","syk",1
"R-348","syk",1
"RADRETUMAB","fn1",1
"RAFUTROMBOPAG","mpl",1
"RAGIFILIMAB","tnfrsf18",1
"RAVAGALIMAB","cd40lg",1
"REBAMIPIDE","fgf2",1
"REBASTINIB","flt3",1
"RECOMBINANT 70-KD HEAT-SHOCK PROTEIN","tlr4",1
"RECOMBINANT ADENOVIRUS 5 ENCODING TUMOR NECROSIS FACTOR-RELATED APOPTOSIS-INDUCING LIGAND","tnfsf10",1
"RECOMBINANT CHEMOKINE","tnfrsf8",1
"RECOMBINANT FAS LIGAND","prl",1
"RECOMBINANT HEPATOCYTE GROWTH FACTOR","igf2",1
"RECOMBINANT HUMAN ALBUMIN-HUMAN GRANULOCYTE COLONY-STIMULATING FACTOR","csf3",1
"RECOMBINANT HUMAN KALLIKREIN-1","insr",1
"RECOMBINANT INTERLEUKIN-1 RECEPTOR ANTAGONIST","bdnf",1
"RECOMBINANT INTERLEUKIN-1-BETA","ifng",1
"RECOMBINANT INTERLEUKIN-17","il17f",1
"RECOMBINANT LYMPHOKINE","fgf2",1
"RECOMBINANT MACROPHAGE INFLAMMATORY PROTEIN-1 ALPHA","ccl18",1
"RECOMBINANT MONOCYTE CHEMOATTRACTANT PROTEIN-1","ccr2",1
"RECOMBINANT NEUROTROPHIC FACTOR","cxcl2",1
"RECOMBINANT SOLUBLE HUMAN CD4 PROTEIN","il2",1
"RECOMBINANT TRANSFORMING GROWTH FACTOR-BETA","il2",1
"RECOMBINANT TRANSFORMING GROWTH FACTOR-BETA 1","flt3",1
"RECOMBINANT TUMOR NECROSIS FACTOR FAMILY PROTEIN","bdnf",1
"RECOMBINANT TUMOR NECROSIS FACTOR-BETA","faslg",1
"RECOMBINANT TYROSINASE-RELATED PROTEIN-2","csf2",1
"REDIOCIDE A","prkca",1
"REGRAMOSTIM","csf3r",1
"RELMACABTAGENE AUTOLEUCEL","cd19",1
"REPARIXIN","cxcr1",1
"RESERPINE","hgf",1
"RESVERATROL HEXANOIC ACID","tlr2",1
"REVUMENIB","flt3",1
"RG-7160","egfr",1
"RIBOCICLIB","ccnd2",1
"RINDOPEPIMUT","egfr",1
"RISANKIZUMAB","il23a",1
"RISEDRONIC ACID","il1b",1
"RISPERIDONE","tnfrsf11a",1
"RITONAVIR","tlr4",1
"RNA POLYMERASE INHIBITOR","bdnf",1
"RO-5458640","tnfsf12",1
"RO3280","fgfr4",1
"ROFECOXIB","il10",1
"ROQUINIMEX","csf2",1
"ROSIGLITAZONE","cd40lg",1
"ROXITHROMYCIN","il2",1
"RS-504393","ccr2",1
"RUPLIZUMAB","cd40lg",1
"RUSALATIDE","f2r",1
"RY764","angpt2",1
"S-222611","egfr",1
"SAN-300","itga1",1
"SAPANISERTIB","rptor",1
"SAPITINIB","egfr",1
"SAQUINAVIR","tlr4",1
"SAR-125844","met",1
"SAR100842","lpar3",1
"SARILUMAB","il6r",1
"SATRALIZUMAB","il6r",1
"SAVOLITINIB","met",1
"SB-431542","acvr1c",1
"SB-559448","mpl",1
"SB203580","flt4",1
"SB590885","efna2",1
"SCH-708980","il10",1
"SEGLITIDE","faslg",1
"SELECTIVE ESTROGEN RECEPTOR MODULATOR","prl",1
"SELENIUM","prl",1
"SELICRELUMAB","cd40lg",1
"SELINEXOR","flt3",1
"SELITRECTINIB","ntrk2",1
"SELUMETINIB","met",1
"SENKTIDE","itga4",1
"SERIBANTUMAB","egfr",1
"SEVIRUMAB","gh1",1
"SGI-1776","flt3",1
"SGN-30","tnfrsf8",1
"SGN-CD70A","cd70",1
"SGX-523","met",1
"SHP2 INHIBITOR ERAS-601","flt3",1
"SIBEPRENLIMAB","tnfsf13",1
"SIBUTRAMINE","gnb3",1
"SIFA-ASN(ACNH-&BETA;-GLC)-PEG-TYR3-OCTREOTATE","faslg",1
"SIFA-ASN(ACNH-&BETA;-GLC)-TYR3-OCTREOTATE","faslg",1
"SIGNAL TRANSDUCTION INHIBITOR","il2",1
"SILDENAFIL","gnb3",1
"SILICON PHTHALOCYANINE 4","fas",1
"SIMLUKAFUSP ALFA","il2rb",1
"SIMOTINIB","egfr",1
"SIRUKUMAB","il6r",1
"SITAFLOXACIN","ccl18",1
"SLR14","cxcl2",1
"SM-122","gng11",1
"SM-337","gng11",1
"SN-1,2-DIDECANOYLGLYCEROL","prl",1
"SODIUM CHLORIDE","bdnf",1
"SODIUM SALICYLATE","csf2",1
"SOMAPACITAN","ghr",1
"SOMATREM","ghr",1
"SOMAVARATAN","gh1",1
"SONIDEGIB","flt3",1
"SOTRASTAURIN ACETATE","prkca",1
"SOVLEPLENIB","syk",1
"SPARFLOXACIN","ccl18",1
"SPRIFERMIN","fgf18",1
"SQUALAMINE","fgf2",1
"SRA880","fas",1
"ST034307","col1a2",1
"STO609","egfr",1
"SU11274","met",1
"SUCRALFATE","fgf2",1
"SULFATINIB","flt4",1
"SURAMIN","ifng",1
"SUTIMLIMAB","fn1",1
"SVEP1","itga9",1
"SX-682","cxcr1",1
"SYNTHETIC HUMAN PAPILLOMAVIRUS 16 E6 PEPTIDE","il18",1
"SZM594","efna2",1
"TABERMINOGENE VADENOVEC","flt4",1
"TADALAFIL","comp",1
"TADEKINIG ALFA","il18",1
"TADOCIZUMAB","itga2b",1
"TAK-220","ccr5",1
"TAK-285","egfr",1
"TAK-632","efna2",1
"TAK-779","ccr2",1
"TALABOSTAT","csf3",1
"TALETRECTINIB","ntrk2",1
"TANAPROGET","bdnf",1
"TAPLITUMOMAB PAPTOX","cd19",1
"TARLOXOTINIB","egfr",1
"TAS-115","met",1
"TASELISIB","ccne1",1
"TAZEMETOSTAT","flt3",1
"TBO-FILGRASTIM","csf3r",1
"TCDD","bdnf",1
"TECLISTAMAB-CQYV","tnfrsf17",1
"TEGAFUR-URACIL","fgf2",1
"TELISOTUZUMAB","met",1
"TELISOTUZUMAB VEDOTIN","met",1
"TELMISARTAN","gnb3",1
"TEMSIROLIMUS","rptor",1
"TENIPOSIDE","fas",1
"TEPOTINIB HYDROCHLORIDE","met",1
"TEPOXALIN","il4",1
"TEREVALEFIM","met",1
"TERFENADINE","csf2",1
"TESOFENSINE","insr",1
"TESTOLACTONE","prl",1
"TETANUS TOXOID","csf2",1
"TEZEPELUMAB","tslp",1
"THE-630","kit",1
"THELIATINIB","egfr",1
"THERAPEUTIC ANDROGEN","igf2",1
"THERAPEUTIC AUTOLOGOUS LYMPHOCYTES","ifng",1
"THIQ","angpt2",1
"THROMBOPOIETIN","mpl",1
"THYMOCTONAN","il2",1
"THYROTROPIN","fgf2",1
"TILDRAKIZUMAB","il23a",1
"TILUDRONIC ACID","il1b",1
"TINLORAFENIB","efna2",1
"TINZAPARIN SODIUM","f2r",1
"TIPIFARNIB","ccr10",1
"TIRBANIBULIN","flt3",1
"TIROFIBAN","itga2b",1
"TIROFIBAN HYDROCHLORIDE","itga2b",1
"TISAGENLECLEUCEL","cd19",1
"TIVOZANIB","flt4",1
"TNP-2092","ccl18",1
"TNP-470","vwf",1
"TNX-650","il13",1
"TOCILIZUMAB","il6r",1
"TOLINAPANT","gng11",1
"TOMUZOTUXIMAB","egfr",1
"TOPIRAMATE","insr",1
"TOPOTECAN HYDROCHLORIDE","bdnf",1
"TORALIZUMAB","cd40lg",1
"TORIN 2","f2r",1
"TORIPALIMAB-TPZI","kit",1
"TORSEMIDE","gnb3",1
"TOTROMBOPAG","mpl",1
"TOVETUMAB","pdgfra",1
"TOVORAFENIB","efna2",1
"TRABEDERSEN","tgfb2",1
"TRAFERMIN","fgfr4",1
"TRALOKINUMAB","il13",1
"TRAMADOL","bdnf",1
"TREMELIMUMAB","egfr",1
"TRIAMCINOLONE","fgf2",1
"TRIFLUOPERAZINE","csf2",1
"TRISMETHOXYRESVERATROL","prkca",1
"TRIVALENT INFLUENZA VACCINE","csf2",1
"TROFINETIDE","igf1",1
"TROGLITAZONE","bdnf",1
"TROPISETRON","il2",1
"TROVAFLOXACIN MESYLATE","ccl18",1
"TRX-518","tnfrsf18",1
"TT-301","il1b",1
"TUCATINIB","egfr",1
"TUSPETINIB","flt3",1
"TYR3-OCTREOTIDE","faslg",1
"TYROSINE HYDROXYLASE INHIBITOR","bdnf",1
"TYROSOL SINAPATE","met",1
"TYRPHOSTIN A25","prl",1
"TYRPHOSTIN AG 1295","flt3",1
"TYRPHOSTIN AG 1296","flt3",1
"UBENIMEX","prl",1
"UCB-1184197","itga4",1
"UCN-01","prkca",1
"ULIPRISTAL ACETATE","bdnf",1
"URACIL","egfr",1
"URELUMAB","tnfrsf9",1
"UTOMILUMAB","tnfrsf9",1
"VACCINE","csf2",1
"VADACABTAGENE LERALEUCEL","cd19",1
"VADADUSTAT","cxcr3",1
"VALPROIC ACID","fas",1
"VANUCIZUMAB","angpt2",1
"VAPREOTIDE","faslg",1
"VARLILUMAB","cd27",1
"VARLITINIB","egfr",1
"VATELIZUMAB","itga2",1
"VB-201","tlr2",1
"VEBRELTINIB","met",1
"VEGF RECEPTOR TYROSINE KINASE INHIBITOR III","flt4",1
"VEGF/HGF-TARGETING DARPIN MP0250","hgf",1
"VELDOREOTIDE","faslg",1
"VENLAFAXINE","bdnf",1
"VERTEPORFIN","bdnf",1
"VESNARINONE","fas",1
"VICRIVIROC","ccr5",1
"VICRIVIROC MALEATE","ccr5",1
"VIDOFLUDIMUS","il17c",1
"VINBLASTINE","csf2",1
"VINORELBINE","csf2",1
"VITAMIN A","tnfrsf8",1
"VITAMIN B6","vwf",1
"VITAMIN K","fas",1
"VMIP-III","ccr4",1
"VOCLOSPORIN","ngfr",1
"VOLOCIXIMAB","itga5",1
"VON WILLEBRAND FACTOR","vwf",1
"VONICOG ALFA","vwf",1
"VORAPAXAR","f2r",1
"VORAPAXAR SULFATE","f2r",1
"VORSETUZUMAB MAFODOTIN","cd70",1
"VORSETZUMAB MAFODOTIN","cd70",1
"VS-4718","ptk2",1
"VS-5584","flt3",1
"WARFARIN","vwf",1
"WAY-255348","bdnf",1
"XEVINAPANT","gng11",1
"XMAB-2513","tnfrsf8",1
"Y-KE88","faslg",1
"ZABOFLOXACIN","ccl18",1
"ZALUNFIBAN","itga2b",1
"ZANSECIMAB","angpt2",1
"ZATUXIMAB","egfr",1
"ZELNECIRNON","ccr4",1
"ZINC SULFATE ANHYDROUS","bdnf",1
"ZIPALERTINIB","egfr",1
"ZK-158252","amh",1
"ZK112993","bdnf",1
"ZOLIFLODACIN","ccl18",1
"ZOTIRACICLIB","flt3",1
"ZYBT1","efna1",1
"[111IN,90Y]DOTA-LAN","faslg",1
"[111IN,90Y]DOTA-NOC","faslg",1
"[111IN,90Y]DOTA-OC","faslg",1
"[111IN,90Y]DOTA-TOC","faslg",1
"[111IN]DOTA-BOC-ATE","faslg",1
"[111IN]DOTA-NOC","faslg",1
"[111IN]DOTA-NOC-ATE","faslg",1
"[125I]CCL17 (HUMAN)","ccr4",1
"[125I]CCL27 (HUMAN)","ccr4",1
"[125I]TYR3 SMS 201-995","faslg",1
"[125I][TYR3,THR8]OCTREOTIDE","faslg",1
"[3H]LTB4","amh",1
"[67GA]NODAGA-[TYR3]OCTREOTIDE","faslg",1
"[D-TRP8]&GAMMA;-MSH","angpt1",1
"[GA-DOTA,TYR3,THR8]OCTREOTIDE","faslg",1
