"drug","Targeted_Genes"
"&ALPHA;-MSH","ANGPT2, ANGPT1"
"&BETA;-CYANO-L-ALANINE","CSHL1"
"&GAMMA;-MSH","ANGPT1"
"1-AZAKENPAULLONE","FLT4"
"12-EPI LTB4","AMH"
"12-HYDROXYHEPTADECATRIENOIC ACID","AMH"
"12S-HETE","AMH"
"15S-HETE","AMH"
"2-TERT-BUTYL-9-FLUORO-1,6-DIHYDROBENZO[H]IMIDAZO[4,5-F]ISOQUINOLIN-7-ONE","CSF3R, CRLF2"
"3-DEAZAADENOSINE","CCR4"
"3-[(3-(2-CARBOXYETHYL)-4-METHYLPYRROL-2-YL)METHYLENE]-2-INDOLINONE","IGF2"
"4-PHENYLBUTYRIC ACID","PRKCA"
"4-PHENYLENEDIAMINE","IL18"
"4SC-202","FLT3"
"4SC-203","FLT3, FLT4"
"A134974","CCR2"
"ABACAVIR","LTA, LTB"
"ABCIXIMAB","ITGA2B"
"ABEMACICLIB","CCND2"
"ABIVERTINIB","FLT3, EGFR"
"ABIVERTINIB MALEATE","EGFR"
"ABRILUMAB","ITGA4, ITGB7"
"ABSCISIC ACID","HGF"
"ABT-510","FGF2"
"ABT-737","LPAR4"
"ABT702","CCR2"
"ACALABRUTINIB","EFNA1"
"ACE INHIBITOR","FASLG"
"ACETAMINOPHEN","TNFRSF11A, TLR4, IL2"
"ACETYLCYSTEINE","VWF"
"ACITRETIN","IL1B"
"ACLARUBICIN","CSF2"
"ACORAFLOXACIN","CCL18"
"ACP-001","GH1, GHR"
"ACTH","BDNF"
"ACYCLOVIR","IL10"
"ADALIMUMAB-ADBM","IL13, TNFRSF1B, CD40LG, TLR2"
"ADAPALENE","BDNF"
"ADAVOSERTIB","PTK2, SYK, KIT"
"ADENOVIRUS 5-CD40 LIGAND","FAS"
"ADJUVANT","CCL3, TLR4"
"AEE-788","EGFR"
"AEE788","EGFR"
"AEW-541","INSR"
"AFAMELANOTIDE","ANGPT2, ANGPT1"
"AFATINIB","EGFR"
"AFATINIB DIMALEATE","EGFR"
"AFM-11","CD19"
"AFM13","TNFRSF8"
"AG 1295","FLT3"
"AG-13958","FLT4"
"AG1478","EGFR"
"AGERAFENIB","EFNA2, EGFR"
"AGI-5198","FLT3"
"AGL 2043","FLT3"
"AGOUTI-RELATED PROTEIN","ANGPT2, ANGPT1"
"AGS62P1","FLT3"
"AGT-182","INSR"
"AKN-028","FLT3"
"AKT INHIBITOR MK2206","FLT3, CCNE1, KIT"
"ALATROFLOXACIN MESYLATE","CCL18"
"ALBUSOMATROPIN","GH1, GHR"
"ALDAFERMIN","FGFR4"
"ALDESLEUKIN","SOCS1, IL2RA, IL2RB, STAT4, IL2, CD40LG"
"ALEMTUZUMAB","CXCL12"
"ALENDRONATE SODIUM","IL11"
"ALFLUTINIB","EGFR"
"ALISERTIB","PTK2, FLT3, EGFR, CCNE1, NTRK2"
"ALITRETINOIN","CCR2"
"ALLITINIB","EGFR"
"ALLOGENEIC ANTI-CD19-CAR-CD28-IL-15-EXPRESSING NATURAL KILLER T-CELLS","CD19"
"ALLOGENEIC CD123-SPECIFIC UNIVERSAL CAR123-EXPRESSING T-LYMPHOCYTES","IL3RA"
"ALOE-EMODIN","EGFR"
"ALPHA-ADRENERGIC AGONIST","PRL"
"ALPHA-ADRENERGIC ANTAGONIST","PRL"
"ALPROSTADIL","F2R, CD40LG"
"ALSTERPAULLONE","FLT4"
"ALT-803","IL15RA"
"ALTEPLASE","ITGA2B, PRL, CXCL2, BDNF, IL1B, SPP1"
"ALTIRATINIB","FLT3, NTRK2, MET"
"ALUM, POTASSIUM","IL17F"
"AM3","FASLG"
"AMG-108","IL1A"
"AMG-157","TSLP"
"AMG-191","KIT"
"AMG-208","MET"
"AMG-337","MET"
"AMG-729","CD19"
"AMG-780","ANGPT2, ANGPT1"
"AMG-811","IFNG"
"AMG-900","CCNE1"
"AMG553","FLT3"
"AMIKACIN","CSF2, IFNG, IL2"
"AMINOETHOXYVINYLGLYCINE","CSHL1"
"AMINOOXYACETIC ACID","CSH2, CSHL1"
"AMITRIPTYLINE HYDROCHLORIDE","IFNG, PRL, RPTOR, BDNF"
"AMIVANTAMAB-VMJW","EGFR, MET"
"AMOXICILLIN ANHYDROUS","IL10"
"AMUVATINIB","PDGFRA, FLT3, KIT, MET"
"ANAKINRA","IL1R2"
"ANALGESIC AGENT","BDNF"
"ANALOG 3 [PMID:18543899]","FASLG"
"ANALOG 30 [PMID:18543899]","FASLG"
"ANALOG 31 [PMID:18543899]","FASLG"
"ANALOG 32 [PMID:18543899]","FASLG"
"ANASTROZOLE","IGF2"
"ANESTHETIC AGENT","IL10, BDNF"
"ANGIOGENESIS INHIBITOR","ITGA2B, FGF2"
"ANHYDROUS TACROLIMUS","IL18, IL2, SPP1"
"ANLOTINIB","FLT4, KIT"
"ANRUKINZUMAB","IL13"
"ANTHRACYCLINE ANTINEOPLASTIC ANTIBIOTIC","FLT3"
"ANTI-ANGIOPOIETIN MONOCLONAL ANTIBODY AMG 780","ANGPT1"
"ANTI-BCMA CAR T CELLS PREPARATION","TNFRSF17"
"ANTI-C-FMS MONOCLONAL ANTIBODY AMG 820","CSF3R"
"ANTI-C-MET MONOCLONAL ANTIBODY SAIT301","MET"
"ANTI-CD123 CAR T CELLS PREPARATION","IL3RA"
"ANTI-CD123/CD3 BISPECIFIC ANTIBODY JNJ-63709178","IL3RA"
"ANTI-CD19 CAR T CELLS PREPARATION","CD19"
"ANTI-CD19 CAR T-CELLS XLCART001","CD19"
"ANTI-CD20 CAR T CELLS PREPARATION","CD19"
"ANTI-CD27L ANTIBODY-DRUG CONJUGATE AMG 172","CD70"
"ANTI-CD30 CAR T CELLS PREPARATION","TNFRSF8"
"ANTI-CD30 MONOCLONAL ANTIBODY MDX-1401","TNFRSF8"
"ANTI-CD40 MONOCLONAL ANTIBODY CHI LOB 7/4","CD40LG"
"ANTI-CD40/ANTI-MESOTHELIN BISPECIFIC ANTIBODY ABBV-428","CD40LG"
"ANTI-CD70 ANTIBODY-DRUG CONJUGATE MDX-1203","CD70"
"ANTI-EGFR MONOCLONAL ANTIBODY","MET"
"ANTI-EGFR MONOCLONAL ANTIBODY EMD 55900","EGFR"
"ANTI-EGFR MONOCLONAL ANTIBODY GT-MAB 5.2-GEX","EGFR"
"ANTI-EGFR MONOCLONAL ANTIBODY SYN004","EGFR"
"ANTI-EGFR/HER2/HER3 MONOCLONAL ANTIBODY MIXTURE SYM013","EGFR"
"ANTI-EGFRVIII ANTIBODY DRUG CONJUGATE AMG 595","EGFR"
"ANTI-EGFRVIII IMMUNOTOXIN MR1-1","EGFR"
"ANTI-ERBB3 MONOCLONAL ANTIBODY AV-203","EGFR"
"ANTI-FLT3/CD3 BISPECIFIC ANTIBODY CLN-049","FLT3"
"ANTI-GITR MONOCLONAL ANTIBODY MK-4166","TNFRSF18"
"ANTI-HGF MONOCLONAL ANTIBODY TAK-701","HGF"
"ANTI-HIV-1 LENTIVIRAL VECTOR-EXPRESSING SH5/C46 CAL-1","CCR5"
"ANTI-HUMAN GITR MONOCLONAL ANTIBODY TRX518","TNFRSF18"
"ANTI-MET MONOCLONAL ANTIBODY MIXTURE SYM015","EGFR, MET"
"ANTI-MET/EGFR MONOCLONAL ANTIBODY LY3164530","EGFR, MET"
"ANTI-PD-L1 MONOCLONAL ANTIBODY","EGFR"
"ANTI-PD1 MONOCLONAL ANTIBODY","EGFR"
"ANTI-TAC 90 Y-HAT","IL2RA"
"ANTIBIOTIC","BDNF"
"ANTICONVULSANT AGENT","IL1B"
"ANTIDEPRESSANT AGENT","PRL, BDNF, IL1B"
"ANTINEOPLASTIC AGENT","PRL"
"ANTINEOPLASTIC VACCINE","CD40LG"
"ANTIOXIDANT","BDNF"
"ANTIPSYCHOTIC AGENT","PRL"
"ANTISENSE OLIGONUCLEOTIDES","IL11, LIF, SOCS3, CCL1"
"ANTISERUM","IL2RA, FLT3, PRL"
"ANTITUBERCULAR AGENT","IL2RA"
"ANTIVIRAL AGENT","IL18, PRL"
"AP1189","ANGPT1"
"APG-2575","FLT3"
"APLAVIROC HYDROCHLORIDE","CCR5"
"APR19","BDNF"
"APRATOXIN F","MET"
"APRINOCARSEN","PRKCA"
"ARGATROBAN","F2R"
"ARGIPRESSIN","BDNF"
"ARRY-300","MET"
"ARSENIC TRIOXIDE","FLT3, BDNF, FAS"
"ARX201","GHR"
"AS-1409","FN1"
"AS-602868","FLT3"
"AS101","FAS"
"AS1409","IL12RB1, FN1, IL12RB2"
"ASCORBIC ACID","PRL"
"ASK-8007","SPP1"
"ASOPRISNIL","BDNF"
"ASPIRIN","TNFRSF11A, IL4, ITGA2B, F2R, FAS, IL1B, HGF, FGF2"
"AST-487","PDGFRA, FLT3, NTRK2, KIT"
"ASTEGOLIMAB","IL1RL1"
"ASTX029","FLT3"
"ASUNERCEPT","FASLG, FAS"
"AT-1501","CD40LG"
"AT-9283","FLT3"
"ATACICEPT","TNFSF13"
"ATEZOLIZUMAB","CX3CL1, EGFR"
"ATL1102","ITGA4"
"ATN-161","ITGA5"
"ATOPAXAR","F2R"
"ATORVASTATIN CALCIUM TRIHYDRATE","IL2RA, CD40LG, FAS, FGF2"
"ATROPINE","F2R"
"AUMOLERTINIB","EGFR"
"AUTO3","CD19"
"AUTOANTIGEN","IL1B"
"AUTOLOGOUS ANTI-BCMA-CAR-4-1BB-CD3ZETA-EXPRESSING MEMORY T-LYMPHOCYTES BB21217","TNFRSF17"
"AUTOLOGOUS ANTI-BCMA-CAR-4-1BB-CD3ZETA-EXPRESSING T-CELLS C-CAR088","TNFRSF17"
"AUTOLOGOUS ANTI-BCMA-CAR-EXPRESSING CD4+/CD8+ T-LYMPHOCYTES FCARH143","TNFRSF17"
"AUTOLOGOUS ANTI-BCMA-CAR-MRNA-TRANSFECTED CD8+ T-LYMPHOCYTES","TNFRSF17"
"AUTOLOGOUS ANTI-BCMA-CAR-TCRZ/4-1BB-EXPRESSING T-LYMPHOCYTES CART-BCMA","TNFRSF17"
"AUTOLOGOUS ANTI-CD19 CAR T-CELLS IM19","CD19"
"AUTOLOGOUS ANTI-CD19 CAR-EXPRESSING T-LYMPHOCYTES CLIC-1901","CD19"
"AUTOLOGOUS ANTI-CD19 CAR-T CELLS TBI-1501","CD19"
"AUTOLOGOUS ANTI-CD19 CHIMERIC ANTIGEN RECEPTOR T-CELLS C-CAR011","CD19"
"AUTOLOGOUS ANTI-CD19 CHIMERIC ANTIGEN RECEPTOR T-CELLS SJCAR19","CD19"
"AUTOLOGOUS ANTI-CD19CAR-4-1BB-CD3ZETA-EGFRT-EXPRESSING T LYMPHOCYTES","CD19"
"AUTOLOGOUS BCMA/TACI-TARGETED CAR T CELLS AUTO2","TNFRSF17"
"AUTOLOGOUS CCR4-CD30CAR-CD28-CD3ZETA-EXPRESSING T-LYMPHOCYTES","TNFRSF8, CCR4"
"AUTOLOGOUS CD123CAR-CD28-CD3ZETA-EGFRT-EXPRESSING T LYMPHOCYTES MB-102","IL3RA"
"AUTOLOGOUS CD19 CAR-EXPRESSING CD4+/CD8+ T-CELLS MB-CART19.1","CD19"
"AUTOLOGOUS CD19CAR-CD28-CD137/CD27/CD3ZETA-ICASP9-EXPRESSING T-LYMPHOCYTES","CD19"
"AUTOLOGOUS CD30CAR-CD28-CD3ZETA-EXPRESSING T-LYMPHOCYTES","TNFRSF8"
"AUTOLOGOUS PROSTATE CANCER ANTIGEN-EXPRESSING DENDRITIC CELL VACCINE BPX-101","CD40LG"
"AV-412","EGFR"
"AVAPRITINIB","PDGFRA, FLT3, KIT"
"AVATROMBOPAG","MPL"
"AVATROMBOPAG MALEATE","MPL"
"AXICABTAGENE CILOLEUCEL","CD19"
"AXITINIB","PDGFRA, FLT4, KIT"
"AZ3146","FGFR4"
"AZ628","EFNA2"
"AZACITIDINE","IL11, FLT3, LIF"
"AZATHIOPRINE","IL23R"
"AZD-1080","SGK2"
"AZD-3759","EGFR"
"AZD-4547","FGFR4"
"AZD-4769","EGFR"
"AZD-6918","NTRK2"
"AZD-7451","NTRK2"
"AZD1480","CSF3R, FLT3"
"AZD1678","CCR4"
"AZD2098","CCR4"
"AZD2423","CCR2"
"AZD3229","KIT"
"AZD4877","GNG7"
"AZD5582","GNG11"
"AZD5672","CCR5"
"AZD8055","RPTOR"
"AZD9567","BDNF"
"AZERCABTAGENE ZAPRELEUCEL","CD19"
"AZIRIDINE","IL2"
"BACILLUS CALMETTE-GUERIN ANTIGEN","CXCL2, FAS"
"BACITRACIN","PRL"
"BACLOFEN","BDNF"
"BAFF","TNFRSF13C"
"BALUGRASTIM","CSF3R"
"BAMINERCEPT ALFA","LTA, LTBR, LTB, TNFSF14"
"BARASERTIB","PDGFRA, KIT"
"BARASERTIB-HQPA","PDGFRA, FLT3, FLT4, EGFR"
"BASILIXIMAB","IL2RA, IL2RB"
"BASS ANTAGONIST","FASLG"
"BATIMASTAT","CXCL2"
"BAY 61-3606","FLT3, KIT, MET"
"BAY1217389","FGFR4"
"BAZEDOXIFENE","IL6R"
"BC11-38","COMP"
"BCG VACCINE","CSF2, IL2"
"BDTX189","EGFR"
"BECAPLERMIN","PDGFRA"
"BECLOMETHASONE","IL2"
"BECLOMETHASONE DIPROPIONATE","IL2RA, CSF2, IL1B"
"BELAGENPUMATUCEL-L","TGFB2"
"BELANTAMAB MAFODOTIN-BLMF","TNFRSF17"
"BELVARAFENIB","EFNA2"
"BEMARITUZUMAB","FGF2"
"BEMPEGALDESLEUKIN","IL2RB"
"BENRALIZUMAB","IL5RA"
"BENSERAZIDE","CSH2"
"BENZNIDAZOLE","PRL"
"BENZTROPINE","CD27"
"BEPERMINOGENE PERPLASMID","MET"
"BERMEKIMAB","IL1A"
"BESIFLOXACIN HYDROCHLORIDE","CCL18"
"BETA-ADRENERGIC ANTAGONIST","PRL"
"BETA-GLUCAN","CXCL2"
"BETAMETHASONE","PRL, IGF2"
"BEVACIZUMAB-AWWB","PRKCA, F2R, EGFR, KIT"
"BEZUCLASTINIB","KIT"
"BI-853520","PTK2"
"BI6015","TNFRSF17"
"BIIB-023","TNFSF12"
"BIIB091","EFNA1"
"BIM 23023","FASLG"
"BIM 23027","FASLG"
"BIM 23030","FASLG"
"BIM 23034","FASLG"
"BIM 23050","FAS"
"BIM 23052","FASLG, FAS"
"BIM 23056","FASLG"
"BIM 23059","FASLG"
"BIM 23060","FASLG"
"BIM 23068","FASLG"
"BIM 23197","FASLG"
"BIM 23454","FASLG, FAS"
"BIM 23627","FASLG, FAS"
"BIMEKIZUMAB","IL17F"
"BINIMETINIB","KIT"
"BINTRAFUSP ALFA","TGFB2"
"BIO1211","ITGA4"
"BIRINAPANT","GNG11"
"BISPECIFIC ANTIBODY","CD40LG, FAS"
"BLEOMYCIN","F2R, IFNG"
"BLINATUMOMAB","CD19"
"BLZ-945","CSF3R"
"BMS-214662","CCR10"
"BMS-599626","EGFR"
"BMS-690514","FLT4, EGFR"
"BMS-698769","MET"
"BMS-741672","CCR2"
"BMS-754807","INSR, NTRK2, MET"
"BMS-777607","MET"
"BMS-794833","MET"
"BMS-813160","CCR5, CCR2"
"BMS-817378","MET"
"BMX-IN-1","EFNA1"
"BOC-ATE","FASLG"
"BOP","ITGA9"
"BORTEZOMIB","FLT3, BDNF"
"BOS172722","FGFR4"
"BPI-9016","MET"
"BPKDI","CTF1"
"BRAZIKUMAB","IL23A"
"BREMELANOTIDE","ANGPT2, ANGPT1"
"BRENTUXIMAB","TNFRSF8"
"BRENTUXIMAB VEDOTIN","TNFRSF8"
"BREXUCABTAGENE AUTOLEUCEL","CD19"
"BRIAKINUMAB","IL23A"
"BRIGATINIB","FLT3, EGFR"
"BRIVANIB","FGFR4, FLT4"
"BRIVANIB ALANINATE","FGFR4, FLT4"
"BROMOCRIPTINE","IL2"
"BRYOSTATIN","PRKCA, IL2RA"
"BRYOSTATIN 1","PRKCA"
"BT-11","HGF"
"BUDESONIDE","BDNF"
"BULEVIRTIDE","CD40LG"
"BUMETANIDE","GNB3"
"BUPIVACAINE","LIF"
"BUPROPION HYDROCHLORIDE","PRL"
"BUSPIRONE","PRL"
"BUTAMBEN","BMP2"
"BUTYRIC ACID","FAS"
"BV-6","GNG11"
"C-1311","FLT3"
"C-MET INHIBITOR","MET"
"C-MET INHIBITOR AMG 208","MET"
"C-MET INHIBITOR AMG 337","MET"
"C-MET INHIBITOR MK2461","MET"
"CA19-9 ANTIGEN","HGF"
"CABAZITAXEL","IGF2"
"CABIRALIZUMAB","CSF2"
"CABOZANTINIB S-MALATE","FLT3, HGF, KIT, MET"
"CAFFEINE","IL2RA, FGF2"
"CALCITONIN","SPP1"
"CALCITRIOL","IL2"
"CALCIUM CHANNEL BLOCKER","PRL, FGF2"
"CALCIUM GLUCONATE","PRL"
"CAMIDANLUMAB TESIRINE","IL2RA"
"CAMOTESKIMAB","IL18"
"CAMPTOTHECIN","BDNF"
"CANAKINUMAB","IL1B"
"CANERTINIB","EGFR"
"CANERTINIB DIHYDROCHLORIDE","EGFR"
"CANOCTAKIN","CXCR1"
"CAPECITABINE","AREG"
"CAPLACIZUMAB-YHDP","VWF"
"CAPMATINIB","MET"
"CAPMATINIB HYDROCHLORIDE","MET"
"CAPSAICIN","LIF, BDNF"
"CARBAMAZEPINE","PRL, LTA, TNFRSF1B"
"CARBOPLATIN","EGFR"
"CARBOXYAMIDOTRIAZOLE OROTATE","IL2"
"CARDIOTROPHIN-1","CTF1"
"CAY10583","AMH"
"CCL17","CCR4"
"CCL22","CCR4"
"CCR5 MAB","CCR5"
"CCR5MAB004","CCR5"
"CCT196969","EFNA2"
"CCT241161","EFNA2"
"CD19-TARGETED CAR T2 CELLS","CD19"
"CD19CAR-CD3ZETA-4-1BB-EXPRESSING ALLOGENEIC T-LYMPHOCYTE CELLS","CD19"
"CDK INHIBITOR SNS-032","CCNE1"
"CDP-484","IL1B"
"CDX-301","FLT3"
"CEDIRANIB","PDGFRA, SYK, FLT4, KIT"
"CEFACLOR ANHYDROUS","IL1B"
"CEFEPIME","IL2"
"CELASTROL","IL1B"
"CELECOXIB","IL23R"
"CELL DIFFERENTIATING AGENT","IL2"
"CEMIPLIMAB-RWLC","EGFR"
"CENDAKIMAB","IL13"
"CENEGERMIN-BKBJ","NTRK2, NGFR"
"CENICRIVIROC","CCR5, CCR2"
"CENICRIVIROC MESYLATE","CCR5"
"CENISERTIB","PDGFRA, INSR, SYK, FLT3, SGK2, FLT4, EGFR, NTRK2, KIT, MET"
"CEP-11981","FLT4, EGFR, MET"
"CEP-2563","PRKCA, FLT3, NTRK2"
"CEP-37440","PTK2"
"CEP-5214","FLT4"
"CEP-7055","FLT4"
"CERDULATINIB","SYK"
"CERITINIB","INSR"
"CETIRIZINE HYDROCHLORIDE","IL2RA, CSF2"
"CETUXIMAB","EGF, EREG, AREG, BDNF, EGFR, MET"
"CETUXIMAB SAROTALOCAN","EGFR"
"CETUXIMAB SAROTALOCAN SODIUM","EGFR"
"CEVIDOPLENIB DIMESYLATE","SYK"
"CG0070","CSF2RA"
"CGP 23996","FASLG, FAS"
"CH 275","FAS"
"CHEMBL:CHEMBL1077773","EGFR"
"CHEMBL:CHEMBL1078000","EGFR"
"CHEMBL:CHEMBL1321401","BMP2"
"CHEMBL:CHEMBL1358137","EGFR"
"CHEMBL:CHEMBL1467165","BMP2"
"CHEMBL:CHEMBL1836411","TLR2"
"CHEMBL:CHEMBL1927048","BMP2"
"CHEMBL:CHEMBL1997335","PDGFRA, PTK2, FLT3, MET"
"CHEMBL:CHEMBL219557","EGFR"
"CHEMBL:CHEMBL2333445","PTK2"
"CHEMBL:CHEMBL27768","PRKCA"
"CHEMBL:CHEMBL29197","EGFR"
"CHEMBL:CHEMBL379975","SYK"
"CHEMBL:CHEMBL399530","MET"
"CHEMBL:CHEMBL456559","PTK2"
"CHEMBL:CHEMBL519155","LPAR3"
"CHEMBL:CHEMBL535331","SYK, FLT3"
"CHEMBL:CHEMBL536151","FLT3"
"CHEMBL:CHEMBL546797","NTRK2, MET"
"CHEMBL:CHEMBL578061","KIT"
"CHEMBL:CHEMBL85826","STAT1"
"CHINESE HERBS","IL2RA, IL1B"
"CHIR-265","EFNA2"
"CHLORAMBUCIL","CXCL12"
"CHLOROTHIAZIDE","CD70"
"CHLORPROMAZINE","BDNF"
"CHLORPYRAMIN HYDROCHLORIDE","PTK2, FLT4"
"CHOLECALCIFEROL","FAS"
"CHONDROITIN SULFATES","SPP1"
"CI-1040","PRKCA"
"CIBINETIDE","CSF2RB"
"CILENGITIDE","ITGA5"
"CILOSTAMIDE","COL9A3"
"CILOSTAZOL","CSF2, COL9A3"
"CILTACABTAGENE AUTOLEUCEL","TNFRSF17"
"CINROMIDE","CD27"
"CINTREDEKIN BESUDOTOX","IL13RA1, IL4R"
"CIPATINIB","EGFR"
"CIPROFLOXACIN","CCL18"
"CIPROFLOXACIN HYDROCHLORIDE","CCL18"
"CISPLATIN","STAT1, FASLG, LIF, IFNG, PRL, FAS, EGFR, NTRK2"
"CITALOPRAM","IL11"
"CLADRIBINE","IL2RA"
"CLARITHROMYCIN","IL10"
"CLODRONIC ACID","CCL4, IL1B"
"CLOFARABINE","FLT3"
"CLOMIPHENE","PRL"
"CLOMIPHENE CITRATE","LIF"
"CLOMIPRAMINE","RPTOR, BDNF"
"CLONIDINE HYDROCHLORIDE","PRL"
"CLOPIDOGREL","F2R"
"CLOZAPINE","PRL, IL2, NTRK2"
"CM-082","FLT3, KIT"
"CMX-2043","MET"
"CNTO-5825","IL13"
"COLCHICINE","IL18, BDNF"
"COLLAGENASE CLOSTRIDIUM HISTOLYTICUM-AAES","COL6A1, COL6A3, COL1A2, COL4A2, COL4A5, COL6A5, COL6A2, COL6A6"
"COLLOIDAL GOLD-BOUND TUMOR NECROSIS FACTOR","TNFRSF1B"
"COLTUXIMAB RAVTANSINE","CD19"
"COMPOUND 1 [PMID: 16821802]","CSF3R"
"COMPOUND 13 [PMID: 23098072]","TLR2"
"COMPOUND 13C [PMID: 20684591]","CTF1"
"COMPOUND 15 [PMID: 24900237]","FHL1"
"COMPOUND 2 [PMID: 26061392]","EFNA2"
"COMPOUND 20 [PMID: 30998356]","FGFR4"
"COMPOUND 20 [PMID: 34432979]","GNG11"
"COMPOUND 22 [WO2019141694A1]","F2R"
"COMPOUND 27F [PMID: 25625617]","FGFR4"
"COMPOUND 28 [PMID: 16460935]","FN1"
"COMPOUND 31 [PMID: 24915291]","EFNA1"
"COMPOUND 31 [PMID: 31259550]","CCR4"
"COMPOUND 34 [PMID: 25974391]","FGF7"
"COMPOUND 34H [PMID: 27055065]","FGFR4"
"COMPOUND 38 [PMID: 24915291]","EFNA1"
"COMPOUND 6EE [PMID: 22364528]","CXCR3"
"COMPOUND 8IC [PMID: 19081254]","CCR4"
"COMPOUND 9 [PMID: 26006010]","EFNA1"
"CONTELTINIB","PTK2"
"COPANLISIB","KIT"
"CORTICOTROPIN","NTRK2, ANGPT2, ANGPT1"
"CORTISTATIN-14","FASLG, FAS"
"CP-195543","AMH"
"CP-459632","FGFR4, FLT4"
"CP-547632","PDGFRA, FLT4, MET"
"CR002","PDGFD"
"CRENOLANIB","PDGFRA, FLT3, KIT, MET"
"CRETOSTIMOGENE GRENADENOREPVEC","CSF2"
"CRIZOTINIB","AREG, EGFR, NTRK2, KIT, MET"
"CRT 0066101","CTF1"
"CRX-555","TLR4"
"CSL-324","CSF3R"
"CSL-360","IL3RA"
"CST-17","FASLG, FAS"
"CT-1578","FLT3"
"CUDC-101","EGFR"
"CURCUMIN","BDNF, EGFR"
"CUSATUZUMAB","CD70"
"CVX-060","ANGPT2"
"CVX-241","ANGPT2"
"CYC-116","PDGFRA, INSR, SYK, FLT3, SGK2, EGFR, KIT, MET"
"CYCLIC GMP","COL9A3"
"CYCLO(7-12) DES-AA1,2,5-[GLU7,D-TRP8,IAMP9,M-I-TYR11,HHLYS12]SRIF","FAS"
"CYCLOOXYGENASE INHIBITOR","IL2, BDNF"
"CYCLOPHOSPHAMIDE ANHYDROUS","FGFR4, INSR, IFNG, CXCL12, FAS"
"CYCLOSPORINE","CCL4, CXCL2, IL2, CD40LG, NTRK2"
"CYCLOTHIAZIDE","CD70"
"CYPROHEPTADINE HYDROCHLORIDE","PRL"
"CYTARABINE","CSF2, FLT3, IL1B, KIT"
"DABRAFENIB","EFNA2"
"DACARBAZINE","FN1"
"DACLIZUMAB","IL2RA, IL2RB, IL2"
"DACOMITINIB ANHYDROUS","EGFR"
"DACTINOMYCIN","TNFRSF8, TNFRSF1B, BDNF"
"DACTOLISIB","RPTOR, MET"
"DAIDZEIN","LIF"
"DALANTERCEPT","BMP10"
"DANUSERTIB","FLT3"
"DAPIROLIZUMAB PEGOL","CD40LG"
"DAROMUN","FN1"
"DASATINIB ANHYDROUS","CSF3R, PDGFRA, SYK, KIT"
"DAUNORUBICIN LIPOSOMAL","COL1A2, FLT3, FAS"
"DAZODALIBEP","CD40LG"
"DC 23-60","FASLG"
"DDO-3055","CXCR3"
"DECITABINE","CCND2, IL2RA, FLT3, LIF"
"DECTREKUMAB","IL13"
"DEFACTINIB","PTK2"
"DEFEROXAMINE","CXCL2"
"DEFOSLIMOD","TLR4, TLR2"
"DEGLYCOSYLATED RICIN A CHAIN-CONJUGATED ANTI-CD19/ANTI-CD22 IMMUNOTOXINS","CD19"
"DEHYDRATED ALCOHOL","TLR4, CSF2, F2R, EGFR"
"DELAFLOXACIN MEGLUMINE","CCL18"
"DEMOTATE 2","FASLG"
"DENENICOKIN","IL21R"
"DENFIVONTINIB HYDROCHLORIDE","FLT3"
"DENILEUKIN DIFTITOX","IL12RB1, IL2RA, IL2RB, IL12RB2"
"DENINTUZUMAB","CD19"
"DENINTUZUMAB MAFODOTIN","CD19"
"DENOSUMAB","TNFRSF11A, TNFSF11"
"DEPATUXIZUMAB","EGFR"
"DEPATUXIZUMAB MAFODOTIN","EGFR"
"DERAZANTINIB","FGFR4, KIT"
"DES-AA1,2,5,12,13-[D-TRP8]SRIF","FAS"
"DES-AA1,5-[TYR2,D-TRP8,IAMP9]SRIF","FAS"
"DES-AA5-[D-TRP8]SRIF","FAS"
"DES-ALA1,2,5-[D-TRP8,IAMP9]SRIF","FAS"
"DESIPRAMINE","RPTOR, BDNF"
"DESIRUDIN","F2R"
"DEXAMETHASONE","LIF"
"DEXAMETHASONE ACETATE","PRL"
"DEXPROPRANOLOL","CD40LG"
"DEXTRAN SULFATE","IL2RA"
"DEXTRAN SULFATE SODIUM","IL18, CXCL2"
"DHA-PACLITAXEL","IL2RA"
"DIACETYLRHEIN","IL1B, IL1RN"
"DIAPEP 277","TLR2"
"DIAZIQUONE","CSF2"
"DICLOFENAC SODIUM","TNFRSF11A, PRL"
"DIDANOSINE","IL2RA, TNFRSF1B, BDNF"
"DIDEMNIN B","IL2"
"DIETHYLDITHIOCARBAMATE","NTRK2"
"DIETHYLSTILBESTROL","AMH, BDNF"
"DIETHYLSTILBESTROL DIPHOSPHATE","IL2"
"DIMETHYL SULFOXIDE","ITGA5"
"DIMETHYLCURCUMIN","EGFR"
"DIMETHYLSPINGOSINE","PRKCA"
"DINACICLIB","CCNE1"
"DINITROCHLOROBENZENE","IL2RA"
"DIPROVOCIM-1","TLR2"
"DITIOCARB","CSF2, BDNF"
"DIURETIC","PRKCA, GNB3, BDNF"
"DNA METHYLTRANSFERASE INHIBITOR","STAT4"
"DOCETAXEL ANHYDROUS","IGF2"
"DOCOSANOL","GH1"
"DONEPEZIL","BDNF"
"DORAMAPIMOD","FLT4, EGFR, NTRK2"
"DOTA-BASS","FASLG"
"DOTA-JR11","FASLG"
"DOVITINIB","PDGFRA, FGFR4, INSR, FLT3, SGK2, FLT4, NTRK2, KIT"
"DOXEPIN HYDROCHLORIDE","RPTOR, BDNF"
"DOXIFLURIDINE","IFNG"
"DOXORUBICIN HYDROCHLORIDE","FASLG, IL11, COL1A2, FLT3, BDNF, NTRK2"
"DRONABINOL","BDNF"
"DRUGSATFDA.NDA:008378","IL2RA, IL1B"
"DTRIM24","FGF7"
"DUBERMATINIB","FLT3"
"DULIGOTUZUMAB","EGFR"
"DUPILUMAB","IL4R"
"DURVALUMAB","EGFR"
"DUSIGITUMAB","IGF2, IGF1"
"DUVORTUXIZUMAB","CD19"
"DYDROGESTERONE","BDNF"
"E-7820","ITGA2"
"E6201","EREG, FLT3"
"E913","CCR5"
"EBDAROKIMAB","IL23A"
"EBLASAKIMAB","IL13RA1"
"EC 5-21","FASLG"
"ECHINACEA PREPARATION","PRL, IL1B"
"EDELFOSINE","FAS"
"EDOTREOTIDE","FASLG"
"EDRECOLOMAB","IFNG, IL2"
"EFAVIRENZ","IL10"
"EFBEMALENOGRASTIM ALFA","CSF3"
"EFLAPEGRASTIM","CSF3R, CSF3"
"EFLORNITHINE","PRL"
"EFMARODOCOKIN ALFA","IL22"
"EGAPTIVON PEGOL","VWF"
"ELRANATAMAB","TNFRSF17"
"ELTROMBOPAG","MPL"
"EMAPALUMAB-LZSG","IFNG"
"EMB-01","EGFR, MET"
"EMD-1204831","MET"
"EMIBETUZUMAB","MET"
"EMPESERTIB","FGFR4"
"ENARODUSTAT","CXCR3"
"ENASIDENIB","FLT3"
"ENMD-2076","PDGFRA, PTK2, FGFR4, FLT3, FLT4, KIT"
"ENMD-981693","PDGFRA, FGFR4, FLT3"
"ENOKIZUMAB","IL9"
"ENOXACIN","CCL18"
"ENOXAPARIN SODIUM","ITGA2B"
"ENOXOLONE","PRKCA"
"ENTOSPLETINIB","SYK, FLT3"
"ENTRECTINIB","PTK2, SYK, FLT3, FLT4, NTRK2, KIT, MET"
"ENZASTAURIN","PRKCA"
"EPICATECHIN GALLATE","MET"
"EPIDERMAL GROWTH FACTOR","EGF, EGFR"
"EPIDERMAL GROWTH FACTOR RECEPTOR TYROSINE KINASE INHIBITOR","EGFR"
"EPIGALLOCATECHIN GALLATE","CSF2, HGF"
"EPIGALLOCATECHIN-3-GALLATE","MET"
"EPIRUBICIN","INSR"
"EPITINIB","EGFR"
"EPOETIN ALFA","CISH, IL3RA, CCL4, BDNF"
"EPTIFIBATIDE","ITGA2B"
"ERDAFITINIB","FGFR4"
"ERGOT ALKALOIDS","BDNF"
"ERITORAN","TLR4"
"ERITORAN TETRASODIUM","TLR4"
"ERLOTINIB","FGFR4, SYK, FLT4, EGFR, MET"
"ERLOTINIB HYDROCHLORIDE","EGFR"
"ERYTHROMYCIN","IL1B"
"ESI-09","COL6A3, COL6A2"
"ESTRADIOL 3-BENZOATE","PRL, BDNF"
"ESTRADIOL DIPROPIONATE","FGF2"
"ESTRADIOL VALERATE","TCL1A, LIF"
"ESTRONE SULFATE","PRL"
"ETANERCEPT-SZZS","CSF2, IL10, TNFRSF1B"
"ETARACIZUMAB","ITGA5"
"ETHINYL ESTRADIOL","AMH, PRL"
"ETIDRONIC ACID","IL11, IL1B"
"ETOPOSIDE","IGF2"
"ETROLIZUMAB","ITGB7"
"EUCALYPTIN A","MET"
"EVEROLIMUS","FGFR4, FLT3, RPTOR"
"EXARAFENIB","EFNA2"
"EXEMESTANE","TCL1A"
"FADRACICLIB","CCNE1"
"FALNIDAMOL","EGFR"
"FAMCICLOVIR","CSF2"
"FAMITINIB","PDGFRA, FLT3, FLT4, KIT"
"FAMOTIDINE","FGF2"
"FARICIMAB","ANGPT2"
"FARNESYLTRANSFERASE/GERANYLGERANYLTRANSFERASE INHIBITOR L-778,123","IL2RA"
"FAS LIGAND","FAS"
"FASUDIL","SGK2"
"FEDRATINIB","FLT3"
"FEDRATINIB HYDROCHLORIDE","FLT3"
"FENOFIBRATE MICRONIZED","CD40LG"
"FENTANYL CITRATE","LAMB3"
"FEPIXNEBART","EREG"
"FEXAGRATINIB","FGFR4"
"FEZAKINUMAB","IL22"
"FF-10101","FLT3, KIT"
"FGF-6","FGFR4"
"FGF401","FGFR4"
"FGFR INHIBITOR ASP5878","FGFR4"
"FGFR4 ANTAGONIST INCB062079","FGFR4"
"FICLATUZUMAB","HGF"
"FIMEPINOSTAT","FLT3"
"FINAFLOXACIN","CCL18"
"FIRATEGRAST","ITGA4, ITGB7"
"FLOTETUZUMAB","IL3RA"
"FLOXURIDINE","FAS"
"FLT-3 INHIBITOR","FLT3"
"FLT3 INHIBITOR BMF-500","FLT3"
"FLT3 INHIBITOR FF-10101 SUCCINATE","FLT3"
"FLT3 TYROSINE KINASE INHIBITOR TTT-3002","FLT3"
"FLT3/ABL/AURORA KINASE INHIBITOR KW-2449","FLT3"
"FLT3/CDK4/6 INHIBITOR FLX925","FLT3"
"FLUDARABINE","CXCL12"
"FLUMATINIB","KIT"
"FLUOROURACIL","IL11, FGFR4, IL2RA, INSR, IL6R, BDNF, FAS, EGFR"
"FLUOXETINE HYDROCHLORIDE","IGF2"
"FLUOXYMESTERONE","PRL"
"FLURAZEPAM","PRL"
"FLURBIPROFEN","BDNF"
"FLUTAMIDE","IL2RA"
"FLUTICASONE","CSF2, CCL5, TNFRSF8, IL10, BDNF, IL1B"
"FLUVOXAMINE","FGF2"
"FLX475","CCR4"
"FLYSYN","FLT3"
"FN-1501","FLT3"
"FOLIC ACID","TLR4"
"FONTOLIZUMAB","IFNG"
"FORETINIB","PDGFRA, FLT3, FLT4, KIT, MET"
"FOSTAMATINIB","SYK"
"FOSTAMATINIB DISODIUM","SYK"
"FP-1039","FGFR4"
"FPA144","FGF2"
"FRESOLIMUMAB","TGFB2"
"FREUND'S ADJUVANT","PRL, CX3CL1, BDNF"
"FRUQUINTINIB","FLT4"
"FTI 276","CCR10"
"FULRANUMAB","NGFR"
"FULVESTRANT","BDNF, CCNE1, FGF2"
"FUMARIC ACID","IFNG"
"FUROSEMIDE","GNB3"
"FUTIBATINIB","FGFR4"
"FUTUXIMAB","EGFR"
"FUTUXIMAB/MODOTUXIMAB MIXTURE","EGFR"
"G&OUML; 6976","CTF1"
"G100","TLR4"
"GA-DOTA-NOC","FASLG"
"GA-KE88","FASLG"
"GA-NODAGA-LM3","FASLG"
"GALLIUM NITRATE","IL1B"
"GALLOCATECHIN GALLATE","MET"
"GAMBOGIC AMIDE","NTRK2"
"GANCICLOVIR","IFNG"
"GANITUMAB","IGF2"
"GANTOFIBAN","ITGA2B"
"GARCINOL","STAT1"
"GARENOXACIN MESYLATE","CCL18"
"GARLIC","IL2RA, IL2"
"GARLIC EXTRACT","IL2"
"GATIFLOXACIN ANHYDROUS","CCL18"
"GC1118","EGFR"
"GDC-0152","GNG11"
"GDC-0879","EFNA2"
"GEFITINIB","FLT4, IGF2, EGFR, MET"
"GELDANAMYCIN","FLT3, EGFR"
"GEMCITABINE","IGF2"
"GEMFIBROZIL","BDNF"
"GEMIFLOXACIN MESYLATE","CCL18"
"GEMOGENOVATUCEL-T","CSF2, TGFB2"
"GENISTEIN","PRL"
"GENTAMICIN","IL2, BDNF, SPP1"
"GEPOTIDACIN","CCL18"
"GEVOKIZUMAB","IL1B"
"GILTERITINIB","FLT3, KIT"
"GILTERITINIB FUMARATE","FLT3"
"GIMSILUMAB","CSF2"
"GLASDEGIB","FLT3"
"GLATIRAMER","CCR5"
"GLESATINIB","FLT4, MET"
"GLUCAGON (RDNA)","BDNF"
"GLUCOSAMINE","IL1B"
"GLUTAMINE","IGF2"
"GLYBURIDE","IL2"
"GLYCOPEG-GCSF","CSF3R"
"GM-CSF","CSF2, CSF2RA"
"GM-CSF-ENCODING ONCOLYTIC ADENOVIRUS CGTG-102","CSF2"
"GMI-1359","FLT3"
"GNE-7915","FGFR4"
"GO-6976","INSR, FLT3, FLT4, EGFR"
"GOLVATINIB","MET"
"GONADOTROPIN, CHORIONIC","HGF"
"GONADOTROPIN-RELEASING HORMONE ANALOG","PRL"
"GOSSYPOL","PRL"
"GP-120 ANTIGEN","BDNF"
"GP100 ANTIGEN","CSF2"
"GRACILIN A","EGFR"
"GRACILIN J","EGFR"
"GREPAFLOXACIN HYDROCHLORIDE","CCL18"
"GSK-1070806","IL18"
"GSK-2239633","CCR4"
"GSK-2256098","PTK2"
"GSK-269962A","FLT3, SGK2, FLT4"
"GSK-690693","PRKCA"
"GSK1795091","TLR4"
"GSK2239633A","CCR4"
"GSK2646264","SYK"
"GSK329","EFNA2, FGF2"
"GSK690693","FLT3"
"GTP-14564","FLT3"
"GUSACITINIB","SYK"
"GUSELKUMAB","IL23A"
"GUTTIFERONE K","STAT1"
"GW-2580","NTRK2"
"GW441756X","INSR, SYK, SGK2, FLT4, NTRK2"
"GW843682X","PTK2, FLT3, FLT4, EGFR, KIT"
"H2O2","BDNF"
"HALOFUGINONE","IL2"
"HALOPERIDOL DECANOATE","BDNF, IL1RN"
"HCBE-11","LTBR"
"HEFI-1","TNFRSF8"
"HEPARIN","VWF, HGF, IL1RN"
"HEPATITIS B VACCINE","IL2RA"
"HERBIMYCIN A","FLT3"
"HESPERADIN","PTK2, FGFR4, INSR, FLT3, NTRK2"
"HETROMBOPAG","MPL"
"HETROMBOPAG OLAMINE","MPL"
"HGS-1025","CCR5"
"HJC 0350","COL6A3"
"HORSE ANTI-MOUSE ANTI-LYMPHOCYTE SERUM","CSF2"
"HS014","ANGPT2, ANGPT1"
"HS024","ANGPT2, ANGPT1"
"HSP90 INHIBITOR LAM-003","FLT3"
"HUMAN CHORIONIC GONADOTROPIN","AMH, IL2RA, EREG, LIF, IL2"
"HUMAN INTERLEUKIN-2","IL2"
"HUMAN THYMOSIN-FRACTION 5","IL2RA"
"HUMIK-BETA-1","IL2RB"
"HYDRALAZINE / ISOSORBIDE DINITRATE","GNB3"
"HYDROCHLOROTHIAZIDE","PRKCA, GNB3, CD70"
"HYDROCORTISONE BUTYRATE","IL1B"
"HYDROQUINONE","IL1B"
"HYDROXYCHLOROQUINE","IL1A"
"HYPERBARIC OXYGEN","BDNF"
"HYPOXIS HEMEROCALLIDEA ROOT EXTRACT","PRL"
"IANALUMAB","TNFRSF13C"
"IBCASERTIB","FLT4"
"IBOCTADEKIN","IL18, IL18R1, IL18RAP"
"IBRUTINIB","CSF3R, EFNA1, FLT3, EGFR"
"IBUDILAST","IL1B"
"IBUPROFEN, SODIUM SALT","CXCR1, IFNG"
"ICOTINIB","EGFR"
"ICOTINIB HYDROCHLORIDE","EGFR"
"IDARUBICIN","CSF2, FLT3"
"IDECABTAGENE VICLEUCEL","TNFRSF17"
"IDRX-42","KIT"
"IL-10","OSM"
"IL-12","STAT4, BDNF"
"IL-13","LIF, CXCL2"
"IL-15","IL15RA"
"IL-2/9/15 GAMMA CHAIN RECEPTOR INHIBITOR BNZ-1","IL2RA, IL15RA, IL9, IL2"
"IL-21","IL21"
"IL-3","CSF2, IL3RA"
"IL-6","IL17F, IL6R"
"IL-9","IL9R"
"ILACIRNON","CCR2"
"ILODECAKIN","IL10"
"ILORASERTIB","PDGFRA, PTK2, INSR, SYK, FLT3, SGK2, FLT4, EGFR, NTRK2, KIT, MET"
"IMATINIB","CSF3R, PDGFRA, SYK, FLT3, CD40LG, HGF, EGFR, KIT, FGF2"
"IMC-3C5","FLT4"
"IMC-EB10","FLT3"
"IMGATUZUMAB","EGFR"
"IMIPENEM ANHYDROUS","IL2"
"IMIPRAMINE HYDROCHLORIDE","BDNF"
"IMMUNOSUPPRESSANT","SPP1, IL1A"
"IMMUNOTHERAPEUTIC AGENT","CCL18"
"IMMUNOTOXIN","CSF2"
"IN-NODAGATOC","FASLG"
"INAMRINONE","COL9A3"
"INCB-9471","CCR5"
"INCB3284","CCR2"
"INDINAVIR","CSF2"
"INDIUM-111","EGFR"
"INDOMETHACIN","BDNF, FGF2"
"INDOXIMOD","RPTOR"
"INEBILIZUMAB-CDON","CD19"
"INFIGRATINIB","FGFR4, KIT"
"INFIGRATINIB PHOSPHATE","FGFR4"
"INFLIXIMAB-DYYB","CCL3, TLR4, TNFRSF1B, IL1B, TLR2, IL23R"
"INGENOL MEBUTATE","PRKCA"
"INHIBITOR CB3","CD27"
"INHIBITOR E18","CD27"
"INHIBITOR E4","CD27"
"INOLIMOMAB","IL2RA"
"INOSITOL","BDNF"
"INOTUZUMAB OZOGAMICIN","GNG4"
"INSULIN ASPART PROTAMINE RECOMBINANT","INSR"
"INSULIN ASPART PROTAMINE, HUMAN","INSR"
"INSULIN DEGLUDEC","INSR"
"INSULIN DETEMIR","INSR"
"INSULIN GLARGINE-YFGN","INSR"
"INSULIN GLULISINE, HUMAN","INSR"
"INSULIN HUMAN, ISOPHANE","INSR"
"INSULIN LISPRO PROTAMINE RECOMBINANT","INSR"
"INSULIN LISPRO-AABC","INSR"
"INSULIN PEGLISPRO","INSR"
"INSULIN PURIFIED BEEF","INSR"
"INSULIN PURIFIED PORK","INSR"
"INSULIN SENSITIZER S-707106","INSR"
"INSULIN SUSP ISOPHANE BEEF","INSR"
"INSULIN SUSP ISOPHANE BEEF/PORK","INSR"
"INSULIN SUSP ISOPHANE PURIFIED BEEF","INSR"
"INSULIN SUSP ISOPHANE PURIFIED PORK","INSR"
"INSULIN SUSP ISOPHANE RECOMBINANT HUMAN","INSR"
"INSULIN SUSP ISOPHANE SEMISYNTHETIC PURIFIED HUMAN","INSR"
"INSULIN SUSP PROTAMINE ZINC BEEF/PORK","INSR"
"INSULIN SUSP PROTAMINE ZINC PURIFIED BEEF","INSR"
"INSULIN SUSP PROTAMINE ZINC PURIFIED PORK","INSR"
"INSULIN TREGOPIL","INSR"
"INSULIN ZINC SUSP BEEF","INSR"
"INSULIN ZINC SUSP EXTENDED BEEF","INSR"
"INSULIN ZINC SUSP EXTENDED PURIFIED BEEF","INSR"
"INSULIN ZINC SUSP EXTENDED RECOMBINANT HUMAN","INSR"
"INSULIN ZINC SUSP PROMPT BEEF","INSR"
"INSULIN ZINC SUSP PROMPT PURIFIED PORK","INSR"
"INSULIN ZINC SUSP PURIFIED BEEF","INSR"
"INSULIN ZINC SUSP PURIFIED BEEF/PORK","INSR"
"INSULIN ZINC SUSP PURIFIED PORK","INSR"
"INSULIN ZINC SUSP RECOMBINANT HUMAN","INSR"
"INSULIN ZINC SUSP SEMISYNTHETIC PURIFIED HUMAN","INSR"
"INSULIN ZINC, EXTENDED","INSR"
"INSULIN ZINC, PROMPT","INSR"
"INSULIN [INJECTION], BIPHASIC","INSR"
"INSULIN, ISOPHANE","INSR"
"INSULIN, PROTAMINE ZINC","INSR"
"INSULIN, REGULAR, HUMAN","SOCS1, CSF2, INSR, BDNF"
"INSULIN, REGULAR, PORK","INSR"
"INTEGRIN RECEPTOR ANTAGONIST GLPG0187","ITGA5"
"INTERFERON ALFA-2B","IL18, CSF2, IFNG"
"INTERFERON BETA-1A","IFNB1"
"INTERFERON BETA-1B","IL2RA, IL2"
"INTERFERON GAMMA-1B","IFNGR2"
"INTERLEUKIN-11","CSF2"
"INTERLEUKIN-12","STAT4"
"INTERLEUKIN-12 GENE","CSF2"
"INTERLEUKIN-2 GENE","IL2RA"
"INTERLEUKIN-3","CSF3"
"IONIS-FGFR4RX","FGFR4"
"IONOMYCIN","BDNF"
"IOX1","CXCR3"
"IOX2","CXCR3"
"IPATASERTIB","FLT3"
"IPILIMUMAB","EGFR"
"IPRIFLAVONE","STAT1"
"IRATUMUMAB","TNFRSF8"
"IRBESARTAN","CD40LG"
"IRINOTECAN HYDROCHLORIDE","AREG"
"ISOPROTERENOL","CSF2"
"ISOSORBIDE DINITRATE","PRL"
"ISOTRETINOIN","IL2RA"
"ITACNOSERTIB","FLT3"
"ITRACONAZOLE","IL2"
"JCAR014","CD19"
"JNJ-26483327","FLT4, EGFR"
"JNJ-38877605","MET"
"JNJ-41443532","CCR2"
"JNJ-64264681","EFNA1"
"JNJ-7706621","NTRK2, KIT, MET"
"K 252A","FLT3"
"K-252A","BDNF"
"KB-NB142-70","CTF1"
"KB002","CSF2"
"KBP5209","EGFR"
"KE 108","FASLG, FAS"
"KENPAULLONE","FLT3, FLT4"
"KITE-585","TNFRSF17"
"KW-2449","FLT3"
"KW-2450","INSR"
"L-054,522","FASLG"
"L-21649","FLT4"
"L-362,855","FASLG, FAS"
"L-363,301","FASLG"
"L-363,377","FASLG"
"L-739,750","CCR10"
"L-779,976","FASLG"
"L-797,591","FAS"
"L-817,818","FAS"
"L19IL2","FN1"
"L19SIP 131I","FN1"
"L19TNFA","FN1"
"L779450","EFNA2"
"LACTULOSE","CSF2"
"LADARIXIN","CXCR1"
"LANRAPLENIB","SYK"
"LANREOTIDE ACETATE","FASLG"
"LANSOPRAZOLE","IL1B"
"LAPATINIB","EGFR, MET"
"LAPRITUXIMAB EMTANSINE","EGFR"
"LAROTRECTINIB","NTRK2"
"LAROTRECTINIB SULFATE","NTRK2"
"LAS38096","FLT3"
"LAUROGUADINE","NTRK2"
"LAZERTINIB","EGFR"
"LB42908","CCR10"
"LCL161","GNG11"
"LEBRIKIZUMAB","IL13"
"LENALIDOMIDE","TNFSF11, FGF2"
"LENOGRASTIM","CSF3R"
"LENTINAN","IL2RA"
"LENVATINIB","PDGFRA, FLT4, KIT"
"LENVATINIB MESYLATE","FLT4"
"LENZILUMAB","CSF2"
"LERDELIMUMAB","TGFB2"
"LERIDISTIM","CSF2RB"
"LERONLIMAB","CCR5"
"LESTAURTINIB","FLT3, NTRK2"
"LETROZOLE","KIT"
"LEUCOVORIN CALCIUM","EGFR"
"LEUKOCYTE INTERLEUKIN","IL2RB"
"LEUVECTIN","IL2"
"LEVILIMAB","IL6R"
"LEVODOPA","BDNF"
"LEVOFLOXACIN ANHYDROUS","CCL18"
"LEVONORGESTREL","BDNF"
"LIDOCAINE","BDNF, EGFR"
"LIFIRAFENIB","EFNA2"
"LINIFANIB","PDGFRA, PTK2, INSR, FLT3, FLT4, NTRK2, KIT, MET"
"LINOLEIC ACID","TNFRSF17"
"LINSITINIB","INSR, IGF2"
"LIOTHYRONINE","BDNF"
"LIPEGFILGRASTIM","CSF3R"
"LISOCABTAGENE MARALEUCEL","CD19"
"LISOFYLLINE","STAT4, IL10"
"LITHIUM","TNFRSF1B, BDNF, FAS, IL1B, NTRK2"
"LMB-2","IL2RA"
"LOMUSTINE","EGFR"
"LONAPEGSOMATROPIN","GHR"
"LONCASTUXIMAB TESIRINE","CD19"
"LORUKAFUSP ALFA","IL2"
"LOVASTATIN","PRL"
"LPS","TLR4"
"LTB4","AMH"
"LUCATUMUMAB","CD40LG"
"LUCITANIB","FLT4"
"LUSPATERCEPT-AAMT","TGFB2"
"LUSUTROMBOPAG","MPL"
"LUT014","EFNA2"
"LUTIKIZUMAB","IL1B, IL1A"
"LUVIXASERTIB","FGFR4"
"LUXEPTINIB","FLT3"
"LY-2874455","FGFR4"
"LY255283","AMH"
"LY3009120","EFNA2"
"LYMPHOKINE-ACTIVATED KILLER CELLS","IL2, FGF2"
"LYOPHILIZED HUMAN RECOMBINANT INTERFERON-BETA 1A FP-1201","IFNB1"
"M-1095","IL17F"
"M-CSF","ITGA5"
"MAB-425","EGFR"
"MABP1","IL1A"
"MACROCARPAL A","MET"
"MACROCARPAL B","MET"
"MACROLIDE ANTIBIOTIC","IL10, IL2"
"MAFOSFAMIDE","IL1B"
"MALTOTRIOSE-[125I][TYR3,THR8]OCTREOTIDE","FASLG"
"MANNITOL","PRL"
"MARAVIROC","CCR5"
"MARIJUANA","CSH1, IL2, BDNF"
"MART-1 ANTIGEN","CSF2"
"MASITINIB","PDGFRA, PTK2, KIT"
"MASOPROCOL","CSF2"
"MATUZUMAB","EGFR"
"MAVELERTINIB","EGFR"
"MAVRILIMUMAB","CSF2RB, CSF2, CSF2RA"
"MAXY-G34","CSF3R"
"MBP10","ANGPT2"
"MC-1","LPAR4"
"MCL0129","ANGPT2"
"MDX-1342","CD19"
"MDX-1411","CD70"
"MDX-447","EGFR"
"MECHLORETHAMINE","CSF2"
"MEDI-3617","ANGPT2"
"MEDICATION","BDNF"
"MEDROXYPROGESTERONE ACETATE","BDNF"
"MEGESTROL ACETATE","IL2RA"
"MELANOMA VACCINE","CSF2"
"MELATONIN","IFNG, PRL, IL1B"
"MELK INHIBITOR OTS167","FLT3"
"MELPHALAN","IFNG"
"MEPOLIZUMAB","PDGFRA"
"MERCAPTOPURINE","IL2RA"
"MERESTINIB","MET"
"MESALAMINE","IL10"
"MESMULOGENE ANCOVACIVEC","IL2"
"MET TYROSINE KINASE INHIBITOR SGX523","MET"
"METFORMIN","BDNF, IL1B"
"METFORMIN GLYCINATE","INSR"
"METHADONE HYDROCHLORIDE","BDNF, NTRK2"
"METHAZOLAMIDE","INSR"
"METHIMAZOLE","IL2RA, CSF2"
"METHOTREXATE","FGFR4, TLR4, FLT3, IL2, HGF, IL1RN"
"METHYLCURCUMIN","EGFR"
"METHYLENE BLUE ANHYDROUS","VWF"
"METHYLPHENIDATE HYDROCHLORIDE","PRL, BDNF"
"METHYLPREDNISOLONE","IL2RA, IFNG, BDNF"
"METOCLOPRAMIDE HYDROCHLORIDE","IL2"
"METOLAZONE","CD70"
"METYROSINE","IL2, BDNF"
"MIDOSTAURIN","PDGFRA, PRKCA, FLT3, IL2, KIT"
"MIFEPRISTONE","LIF, BDNF"
"MIK-BETA-1","IL2RB"
"MILODISTIM","CSF2RA"
"MILRINONE","COL9A3"
"MILTEFOSINE","CSF2"
"MIRDAMETINIB","FLT3, KIT"
"MIRIKIZUMAB","IL23A"
"MISTLETOE EXTRACT","IL2"
"MITOFLAXONE","CSF2"
"MITOGEN-ACTIVATED PROTEIN KINASE INHIBITOR","IL1B"
"MITOGEN-ACTIVATED PROTEIN KINASE KINASE INHIBITOR","EGFR, MET"
"MITOGLITAZONE","INSR"
"MITOMYCIN","VWF, IL1A"
"MITOXANTRONE","FLT3"
"MIVAVOTINIB CITRATE","SYK"
"MK-0812","CCR2"
"MK-2461","FLT4, NTRK2, MET"
"MK-8033","MET"
"MLN-8054","PTK2, FLT4, EGFR"
"MM-151","EGFR"
"MOBOCERTINIB","EGFR"
"MOBOCERTINIB SUCCINATE","EGFR"
"MODOTUXIMAB","EGFR"
"MOGAMULIZUMAB","CCR4"
"MOLGRAMOSTIM","CSF2RA"
"MOMELOTINIB","CSF3R, FLT3, EGFR"
"MONOAMINE OXIDASE INHIBITOR","PRL, RPTOR, BDNF"
"MONOCLONAL ANTIBODY R24","IL2RA"
"MONOMETHYL FUMARATE","CSF2"
"MOTESANIB","PDGFRA, FLT4, KIT"
"MOTESANIB DIPHOSPHATE","KIT"
"MOXETUMOMAB PASUDOTOX","GNG4"
"MOXIFLOXACIN","CCL18"
"MP-412","EGFR"
"MPA","CSF2, FAS"
"MPI-0479605","FGFR4"
"MPS1-IN-1","FGFR4"
"MRX-2843","FLT3"
"MT-II","ANGPT2, ANGPT1"
"MU-BC-1","FN1"
"MULTIDRUG RESISTANCE MODULATOR","CSF2"
"MULTIKINASE INHIBITOR AEE788","EGFR"
"MUPARFOSTAT","FLT4, FGF2"
"MUROMONAB-CD3","CD40LG"
"MYCOPHENOLATE","IL18"
"N-(5-{4-CHLORO-3-[(2-HYDROXYETHYL)SULFAMOYL]PHENYL}-4-METHYL-1,3-THIAZOL-2-YL)ACETAMIDE","F2R"
"NADIFLOXACIN","CCL18"
"NAGRESTIPEN","CCL3"
"NALOXONE HYDROCHLORIDE","PRL, BDNF"
"NAMILUMAB","CSF2"
"NANOPARTICLE ALBUMIN-BOUND THIOCOLCHICINE DIMER NAB-5404","HGF"
"NAPORAFENIB","EFNA2"
"NAQUOTINIB","EGFR"
"NATALIZUMAB","ITGA4, ITGB7"
"NAVARIXIN","CXCR1"
"NAVOXIMOD","COL4A2"
"NAZARTINIB","EGFR"
"NC 4-28B","FASLG, FAS"
"NC 8-12","FASLG"
"NECITUMUMAB","EGFR"
"NELFINAVIR","TLR4"
"NEMOLIZUMAB","IL31RA"
"NEMONOXACIN","CCL18"
"NEMTABRUTINIB","EFNA1, FLT3"
"NEOCEPTIN-3","TLR4"
"NEOVASTAT","FGF2"
"NERATINIB","EGFR"
"NERATINIB MALEATE","EGFR"
"NESVACUMAB","ANGPT2"
"NICARDIPINE","PRL, BDNF, IL1B"
"NICOTINE POLACRILEX","BDNF"
"NIK SMI1","CTF1"
"NILOTINIB","PDGFRA, FLT3, KIT"
"NILUTAMIDE","PRL"
"NIMOTUZUMAB","EGF, EGFR"
"NIMUSTINE","IL1B"
"NINGETINIB","FLT3, MET"
"NINTEDANIB ESYLATE","PDGFRA, FGFR4, FLT4, KIT"
"NITROGLYCERIN","EGFR"
"NIVOLUMAB","EGFR"
"NMS-P715","FGFR4"
"NNC0114-0006","IL21"
"NOC-ATE","FASLG"
"NODAGA-[TYR3]-OCTREOTIDE","FASLG"
"NONSTEROIDAL ANTIINFLAMMATORY DRUG","FGF2"
"NORETHINDRONE","PRL, BDNF"
"NORFLOXACIN","CCL18"
"NORMAL SALINE","BDNF"
"NORTRIPTYLINE","GNB3, RPTOR, BDNF"
"NSC61610","HGF"
"NVP-TAE684","PDGFRA, INSR, SYK, FLT3, FLT4, EGFR, MET"
"NYSTATIN","BDNF"
"OBEXELIMAB","CD19"
"OCRIPLASMIN","FN1, COL6A1, COL6A3, LAMA3, COL1A2, LAMB2, COL4A2, COL4A5, COL6A5, LAMA5, LAMB3, COL6A2, COL6A6"
"OCTREOTIDE ACETATE","FASLG"
"OFLOXACIN","IL2, IL1B"
"OFRANERGENE OBADENOVEC","FAS"
"OLANZAPINE","GNB3, BDNF, IL1A"
"OLAPARIB","FLT3"
"OLAPTESED PEGOL","CXCL12"
"OLARATUMAB","PDGFRA"
"OLEOCANTHAL","MET"
"OLMUTINIB","EGFR"
"OLVEREMBATINIB","FLT3, KIT"
"OMACETAXINE MEPESUCCINATE","FLT3"
"OMEPRAZOLE","CSF2"
"ONAPRISTONE","BDNF"
"ONARTUZUMAB","MET"
"ONCOLYSIN B","CD19"
"ONFEKAFUSP ALFA","FN1"
"ONO-7475","FLT3"
"OPIATE","BDNF, CCR2"
"ORAL CONTRACEPTIVE","PRL"
"ORANTINIB","PDGFRA, FGFR4, FLT4"
"ORG2058","BDNF"
"ORVACABTAGENE AUTOLEUCEL","TNFRSF17"
"OSI-027","RPTOR"
"OSI-930","FLT4, KIT"
"OSIMERTINIB","EGFR, MET"
"OSIMERTINIB MESYLATE","EGFR"
"OTILIMAB","CSF2, CSF2RA"
"OXIDOPAMINE","BDNF"
"OZENOXACIN","CCL18"
"P-BCMA-101","TNFRSF17"
"P505-15","SYK, FLT3"
"PACANALOTAMAB","TNFRSF17"
"PACLITAXEL","IL2RA, SYK, LIF, BDNF, EGFR"
"PACRITINIB","FLT3, EGFR"
"PACRITINIB CITRATE","FLT3"
"PALBOCICLIB","CCND2, FLT3, CCNE1, MET"
"PALIFERMIN","FGFR4"
"PAMIDRONATE","TNFRSF11A, SPP1"
"PAN-HER KINASE INHIBITOR AC480","EGFR"
"PANCREATIC PROTEOLYTIC ENZYMES","HGF"
"PANITUMUMAB","EREG, AREG, EGFR, MET"
"PAREGORIC","F2R, IL1B, CCR2, TLR2"
"PARIDIPRUBART","TLR4"
"PASCOLIZUMAB","IL4"
"PASIREOTIDE","FASLG, FAS"
"PATECLIZUMAB","LTA"
"PATIDEGIB","FLT3"
"PATRITUMAB","EGFR"
"PAZOPANIB","PDGFRA, PTK2, FLT4, KIT, MET"
"PAZOPANIB HYDROCHLORIDE","KIT"
"PD 174265","EGFR"
"PD-0166285","PDGFRA, PTK2, SYK, FLT3, EGFR, NTRK2, MET"
"PD-168393","EGFR"
"PD98059","FLT3"
"PEFLOXACIN","IFNG, IL2, CCL18"
"PEGENZILEUKIN","IL2RB"
"PEGFILGRASTIM BIOSIMILAR LA-EP2006","CSF3"
"PEGFILGRASTIM-JMDB","CSF3R"
"PEGILODECAKIN","IL10RA, IL10"
"PEGINTERFERON ALFA-2A","IL18, SOCS3, EGFR"
"PEGINTERFERON ALFA-2B","IL18, SOCS3, EGFR, IL21R"
"PEGINTERFERON BETA-1A","IFNB1"
"PEGPLERANIB SODIUM","PDGFRA, FLT4"
"PEGTEOGRASTIM","CSF3R"
"PEGVISOMANT","GHR"
"PELITINIB","EGFR"
"PEMBROLIZUMAB","EGFR, KIT, MET"
"PEMETREXED DISODIUM","EGFR"
"PENTAMIDINE","IL1B"
"PENTAMIDINE ISETHIONATE","IL2"
"PENTOSAN POLYSULFATE","FGF2"
"PENTOXIFYLLINE","VWF, IL1B"
"PEPTIDOGLYCAN","TLR2"
"PERFOSFAMIDE","CSF2, IL2"
"PERTUSSIS VACCINE","TLR4"
"PEXASTIMOGENE DEVACIREPVEC","CSF2"
"PEXIDARTINIB","CSF3R, FLT3, KIT"
"PEXIDARTINIB HYDROCHLORIDE","FLT3, KIT"
"PF-03882845","BDNF"
"PF-04217903","MET"
"PF-04605412","ITGA5"
"PF-04634817","CCR5, CCR2"
"PF-04691502","FLT3"
"PF-05230907","EGFR"
"PF-06459988","EGFR"
"PF-06823859","IFNB1"
"PF-232798","CCR5"
"PF-4136309","CCR2"
"PF-562271","PTK2, INSR, FLT3, SGK2, FLT4, NTRK2, MET"
"PG-102","CD40LG"
"PG-106","ANGPT1"
"PG-901","ANGPT2, ANGPT1"
"PHA-665752","MET"
"PHA-767491","SGK2"
"PHENOBARBITAL","PRL"
"PHENOTHIAZINE","PRL"
"PHENYLEPHRINE","VWF, FGF2"
"PHI-101","FLT3"
"PHORBOL 12-MYRISTATE 13-ACETATE","PRKCA"
"PHOSPHODIESTERASE INHIBITOR","PRL"
"PHOTOSENSITIZING AGENT","FGF2"
"PHYTOCHEMICAL","IL2"
"PI3K/BET INHIBITOR LY294002","KIT"
"PICOPLATIN","STAT1"
"PILOCARPINE HYDROCHLORIDE","PRL, BDNF, NTRK2"
"PIMAGEDINE","CCR2"
"PIMURUTAMAB","EGFR"
"PITRAKINRA","IL4R"
"PKI166","EGFR"
"PLATINUM","CSF2"
"PLERIXAFOR","CCR2"
"PLIXORAFENIB","EFNA2"
"PLONMARLIMAB","CSF2"
"PLOZALIZUMAB","CCR2"
"PLUMBAGIN","EGFR"
"PLX-4720","EFNA2"
"PLX-5622","CSF3R"
"PLX-7486","NTRK2"
"PLX7486","CSF3R"
"POLYSIALIC ACID","BDNF"
"POLYVALENT VACCINE","IL1B"
"PONATINIB","PDGFRA, FGFR4, FLT3, KIT"
"POZIOTINIB","EGFR"
"PP2","PDGFRA"
"PRASTERONE","IL2"
"PRAVASTATIN SODIUM","IL2, IL1B"
"PREDNISONE","VWF, IFNG, CXCL12"
"PREGNANT MARE SERUM GONADOTROPIN","PRL"
"PRN694","EFNA1"
"PROCARBAZINE","CSF2"
"PROCHLORPERAZINE","IL2"
"PROGESTERONE","IL2RA, BDNF"
"PROGESTERONE ANTAGONIST","PRL"
"PROMEGESTONE","BDNF"
"PROMETHAZINE HYDROCHLORIDE","PRL"
"PROPARGYLGLYCINE","CSHL1"
"PROPRANOLOL HYDROCHLORIDE","CD40LG, BDNF"
"PROPYLTHIOURACIL","IL2RA, PRL, BDNF"
"PROTEASE INHIBITOR","CD27"
"PROTEASOME INHIBITOR","CSF2, IL6R, IL2, FAS"
"PROTEIN KINASE C INHIBITOR","PRL, IL2, BDNF"
"PROTEIN KINASE INHIBITOR","BDNF"
"PROTEIN PHOSPHATASE INHIBITOR","SPP1"
"PROTEIN SYNTHESIS INHIBITOR","PRL"
"PROTON PUMP INHIBITOR","IL10"
"PRT-2607","SYK"
"PRULIFLOXACIN","CCL18"
"PRX-321","IL4R"
"PTC299","FLT4"
"PUQUITINIB","EGFR"
"PYRAZINAMIDE","FAS"
"PYRAZOLE","FGF2"
"PYRIMETHAMINE","IL2"
"PYROTINIB","EGFR"
"PZ-128","F2R"
"QAX-576","IL13"
"QUERCETIN","PRKCA"
"QUETMOLIMAB","CX3CL1"
"QUININE","IL2"
"QUISOVALIMAB","TNFSF14"
"QUIZARTINIB","PDGFRA, FLT3, KIT, FGF2"
"R-112","SYK"
"R-333","SYK"
"R-343","SYK"
"R-348","SYK"
"R1295","ITGA4, ITGB7"
"RABEPRAZOLE","PDGFRA, IL10, FLT4"
"RADRETUMAB","FN1"
"RAFUTROMBOPAG","MPL"
"RAGIFILIMAB","TNFRSF18"
"RALOXIFENE HYDROCHLORIDE","PRL, IL6R, IL1B"
"RAMUCIRUMAB","PDGFRA, EGFR"
"RAVAGALIMAB","CD40LG"
"REBAMIPIDE","FGF2"
"REBASTINIB","FLT3"
"RECOMBINANT 70-KD HEAT-SHOCK PROTEIN","TLR4"
"RECOMBINANT ADENOVIRUS 5 ENCODING TUMOR NECROSIS FACTOR-RELATED APOPTOSIS-INDUCING LIGAND","TNFSF10"
"RECOMBINANT CHEMOKINE","TNFRSF8"
"RECOMBINANT CYTOKINE","BDNF, FAS"
"RECOMBINANT FAS LIGAND","PRL"
"RECOMBINANT FIBROBLAST GROWTH FACTOR 2","IL11, CXCL2"
"RECOMBINANT HEPATOCYTE GROWTH FACTOR","IGF2"
"RECOMBINANT HUMAN ALBUMIN-HUMAN GRANULOCYTE COLONY-STIMULATING FACTOR","CSF3"
"RECOMBINANT HUMAN INTERLEUKIN-15","IL2RB, IL15RA"
"RECOMBINANT HUMAN KALLIKREIN-1","INSR"
"RECOMBINANT INTERFERON","IL18, COL1A2, ITGA11, IGF2"
"RECOMBINANT INTERLEUKIN-1","CSF2, LIF, HGF, IL1R2"
"RECOMBINANT INTERLEUKIN-1 RECEPTOR ANTAGONIST","BDNF"
"RECOMBINANT INTERLEUKIN-1-BETA","IFNG"
"RECOMBINANT INTERLEUKIN-17","IL17F"
"RECOMBINANT INTERLEUKIN-2","IL2RA, IL2RB"
"RECOMBINANT LYMPHOKINE","FGF2"
"RECOMBINANT MACROPHAGE INFLAMMATORY PROTEIN-1 ALPHA","CCL18"
"RECOMBINANT MONOCYTE CHEMOATTRACTANT PROTEIN-1","CCR2"
"RECOMBINANT NEUROTROPHIC FACTOR","CXCL2"
"RECOMBINANT OX40 LIGAND","CSF2, CCL5"
"RECOMBINANT SOLUBLE HUMAN CD4 PROTEIN","IL2"
"RECOMBINANT TRANSFORMING GROWTH FACTOR","COL1A2, F2R, FLT3, BDNF"
"RECOMBINANT TRANSFORMING GROWTH FACTOR-BETA","IL2"
"RECOMBINANT TRANSFORMING GROWTH FACTOR-BETA 1","FLT3"
"RECOMBINANT TRANSFORMING GROWTH FACTOR-BETA-2","CSF2, COL1A2"
"RECOMBINANT TUMOR NECROSIS FACTOR FAMILY PROTEIN","BDNF"
"RECOMBINANT TUMOR NECROSIS FACTOR-BETA","FASLG"
"RECOMBINANT TYROSINASE-RELATED PROTEIN-2","CSF2"
"RECOMBINANT VASCULAR ENDOTHELIAL GROWTH FACTOR","PRL, ANGPT2"
"REDIOCIDE A","PRKCA"
"REGORAFENIB","PDGFRA, EFNA2, FLT4, EGFR, KIT"
"REGRAMOSTIM","CSF3R"
"RELMACABTAGENE AUTOLEUCEL","CD19"
"REPARIXIN","CXCR1"
"RESATORVID","TLR4"
"RESERPINE","HGF"
"RESVERATROL","PRKCA, IL1B, HGF"
"RESVERATROL HEXANOIC ACID","TLR2"
"REVUMENIB","FLT3"
"RG-1530","PDGFRA, PTK2, INSR, SYK, FLT3, SGK2, FLT4, EGFR, NTRK2, KIT"
"RG-7160","EGFR"
"RIBAVIRIN","IL18, VWF, SOCS3, EGFR, IL21R, ANGPT2"
"RIBOCICLIB","CCND2"
"RILONACEPT","IL1B, IL1A"
"RILOTUMUMAB","HGF"
"RINDOPEPIMUT","EGFR"
"RIPRETINIB","PDGFRA, KIT"
"RISANKIZUMAB","IL23A"
"RISEDRONIC ACID","IL1B"
"RISPERIDONE","TNFRSF11A"
"RITONAVIR","TLR4"
"RITUXIMAB","IFNG, IL2, CXCL12, HGF, EGFR, MET"
"RNA POLYMERASE INHIBITOR","BDNF"
"RO-5458640","TNFSF12"
"RO3280","FGFR4"
"ROCILETINIB","EGFR, MET"
"ROFECOXIB","IL10"
"ROGARATINIB","FGFR4, EGFR"
"ROMILKIMAB","IL13, IL4, IL4R"
"ROMIPLOSTIM","PDGFRA, MPL, KIT"
"RONICICLIB","CCND2, CCNE1"
"ROQUINIMEX","CSF2"
"ROSIGLITAZONE","CD40LG"
"ROXITHROMYCIN","IL2"
"RS-504393","CCR2"
"RUPLIZUMAB","CD40LG"
"RUSALATIDE","F2R"
"RUSERONTINIB","FLT3, EGFR"
"RUXOLITINIB","CSF3R, FLT3, CRLF2"
"RY764","ANGPT2"
"S-222611","EGFR"
"SAN-300","ITGA1"
"SAPANISERTIB","RPTOR"
"SAPITINIB","EGFR"
"SAQUINAVIR","TLR4"
"SAR-125844","MET"
"SAR100842","LPAR3"
"SARGRAMOSTIM","CSF2RB, CSF2RA"
"SARILUMAB","IL6R"
"SATRALIZUMAB","IL6R"
"SAVOLITINIB","MET"
"SB-431542","ACVR1C"
"SB-559448","MPL"
"SB202190","EGFR, NTRK2"
"SB203580","FLT4"
"SB220025","SGK2, FLT4"
"SB590885","EFNA2"
"SCH-708980","IL10"
"SEGLITIDE","FASLG"
"SELECTIVE ESTROGEN RECEPTOR MODULATOR","PRL"
"SELENIUM","PRL"
"SELICRELUMAB","CD40LG"
"SELINEXOR","FLT3"
"SELITRECTINIB","NTRK2"
"SELUMETINIB","MET"
"SEMAXANIB","FLT3, FLT4, KIT"
"SENKTIDE","ITGA4"
"SERALUTINIB","PDGFRA, KIT"
"SERIBANTUMAB","EGFR"
"SETMELANOTIDE","ANGPT2, ANGPT1"
"SEVIRUMAB","GH1"
"SGI-1776","FLT3"
"SGN-30","TNFRSF8"
"SGN-CD70A","CD70"
"SGX-523","MET"
"SHO-SAIKO-TO","IL2RA, IL10, HGF"
"SHP2 INHIBITOR ERAS-601","FLT3"
"SHU9119","ANGPT2, ANGPT1"
"SIBEPRENLIMAB","TNFSF13"
"SIBUTRAMINE","GNB3"
"SIFA-ASN(ACNH-&BETA;-GLC)-PEG-TYR3-OCTREOTATE","FASLG"
"SIFA-ASN(ACNH-&BETA;-GLC)-TYR3-OCTREOTATE","FASLG"
"SIGNAL TRANSDUCTION INHIBITOR","IL2"
"SILDENAFIL","GNB3"
"SILICON PHTHALOCYANINE 4","FAS"
"SIMLUKAFUSP ALFA","IL2RB"
"SIMOTINIB","EGFR"
"SIMVASTATIN","LIF, BDNF, CCR2"
"SIROLIMUS","RPTOR, CRLF2, IL10, EGFR, FGF2"
"SIRUKUMAB","IL6R"
"SITAFLOXACIN","CCL18"
"SITRAVATINIB","FLT3, MET"
"SLR14","CXCL2"
"SM-122","GNG11"
"SM-337","GNG11"
"SN-1,2-DIDECANOYLGLYCEROL","PRL"
"SNS-314","PTK2, NTRK2, KIT, MET"
"SODIUM BUTYRATE","TNFSF10, SPP1"
"SODIUM CHLORIDE","BDNF"
"SODIUM SALICYLATE","CSF2"
"SOMAPACITAN","GHR"
"SOMATREM","GHR"
"SOMATROGON","GH1, GHR"
"SOMATROPIN (RECOMBINANT DNA ORIGIN)","IGF2, HGF, GHR"
"SOMAVARATAN","GH1"
"SONIDEGIB","FLT3"
"SORAFENIB","PDGFRA, FLT3, EFNA2, FLT4, EGFR, NTRK2, KIT, FGF2"
"SOTRASTAURIN","PRKCA, SGK2, FLT4, EGFR"
"SOTRASTAURIN ACETATE","PRKCA"
"SOVLEPLENIB","SYK"
"SP-600125","INSR, SYK, FLT3, SGK2, FLT4, NTRK2, KIT, MET"
"SPARFLOXACIN","CCL18"
"SPRIFERMIN","FGF18"
"SQUALAMINE","FGF2"
"SRA880","FAS"
"SRIF-14","FASLG, FAS"
"SRIF-28","FASLG, FAS"
"ST034307","COL1A2"
"STAUROSPORINE","IL2RA, CSF2, CXCL2, EGFR"
"STAVUDINE","CSF2, TNFRSF1B"
"STO609","EGFR"
"STREPTOZOCIN","CSF2, VWF, HGF"
"SU-014813","PDGFRA, FLT3, FLT4, KIT"
"SU11274","MET"
"SUCRALFATE","FGF2"
"SULFATINIB","FLT4"
"SUMATRIPTAN","GNB3, BDNF"
"SUNITINIB","PDGFRA, FLT3, PDGFD, FLT4, KIT, PDGFC, IL4R"
"SURAMIN","IFNG"
"SUTIMLIMAB","FN1"
"SVEP1","ITGA9"
"SX-682","CXCR1"
"SYNTHETIC HUMAN PAPILLOMAVIRUS 16 E6 PEPTIDE","IL18"
"SZM594","EFNA2"
"TABERMINOGENE VADENOVEC","FLT4"
"TADALAFIL","COMP"
"TADEKINIG ALFA","IL18"
"TADOCIZUMAB","ITGA2B"
"TAFASITAMAB","CD19, TNFRSF8"
"TAGRAXOFUSP-ERZS","CSF2RB, IL3RA"
"TAK-220","CCR5"
"TAK-285","EGFR"
"TAK-593","PDGFRA, FLT4"
"TAK-632","EFNA2"
"TAK-715","FLT4, EGFR"
"TAK-779","CCR2"
"TALABOSTAT","CSF3"
"TALACOTUZUMAB","CSF2RB, IL3RA"
"TALAZOPARIB","FLT3, EGFR"
"TALETRECTINIB","NTRK2"
"TALIMOGENE LAHERPAREPVEC","CSF2, CSF2RA"
"TAMATINIB","PDGFRA, PTK2, INSR, SYK, FLT3, EGFR, NTRK2, MET"
"TANAPROGET","BDNF"
"TANDUTINIB","PDGFRA, FLT3, FLT4, KIT"
"TAPLITUMOMAB PAPTOX","CD19"
"TARLOXOTINIB","EGFR"
"TAS-115","MET"
"TASELISIB","CCNE1"
"TAZEMETOSTAT","FLT3"
"TBO-FILGRASTIM","CSF3R"
"TCDD","BDNF"
"TECLISTAMAB-CQYV","TNFRSF17"
"TEGAFUR-URACIL","FGF2"
"TELATINIB","PDGFRA, FLT4, KIT"
"TELISOTUZUMAB","MET"
"TELISOTUZUMAB VEDOTIN","MET"
"TELMISARTAN","GNB3"
"TEMOZOLOMIDE","CSF2, PRL"
"TEMSIROLIMUS","RPTOR"
"TENIPOSIDE","FAS"
"TEPOTINIB","EGFR, MET"
"TEPOTINIB HYDROCHLORIDE","MET"
"TEPOXALIN","IL4"
"TEREVALEFIM","MET"
"TERFENADINE","CSF2"
"TESEVATINIB","FLT4, EGFR"
"TESOFENSINE","INSR"
"TESTOLACTONE","PRL"
"TESTOSTERONE","AMH, FAS"
"TETANUS TOXOID","CSF2"
"TETRADECANOYLPHORBOL ACETATE","PTK2, BDNF, SPP1"
"TEZEPELUMAB","TSLP"
"THALIDOMIDE","F2R, VWF, IL6R, HGF, FGF2"
"THE-630","KIT"
"THELIATINIB","EGFR"
"THEOPHYLLINE","IL2RA, IFNG"
"THERAPEUTIC ANDROGEN","IGF2"
"THERAPEUTIC AUTOLOGOUS LYMPHOCYTES","IFNG"
"THERAPEUTIC CORTICOSTEROID","IL18, FGF2"
"THERAPEUTIC GLUCOCORTICOID","F2R, IFNG"
"THERAPEUTIC GONADOTROPIN","AMH, BDNF"
"THERAPEUTIC HORMONE","AMH, IL2RA, CSF2, LIF, BDNF"
"THIQ","ANGPT2"
"THROMBIN","ITGA2B, F2R, LIF, IFNG, FAS"
"THROMBOPOIETIN","MPL"
"THYMOCTONAN","IL2"
"THYROGLOBULIN","BDNF, IL1B"
"THYROTROPIN","FGF2"
"THYROXINE","IL18, IL2RA"
"TICARCILLIN","CSF2, IL2"
"TILARGININE","IL2, BDNF"
"TILDRAKIZUMAB","IL23A"
"TILUDRONIC ACID","IL1B"
"TINLORAFENIB","EFNA2"
"TINZAPARIN SODIUM","F2R"
"TIPIFARNIB","CCR10"
"TIRBANIBULIN","FLT3"
"TIROFIBAN","ITGA2B"
"TIROFIBAN HYDROCHLORIDE","ITGA2B"
"TISAGENLECLEUCEL","CD19"
"TIVANTINIB","MET"
"TIVOZANIB","FLT4"
"TIVOZANIB HYDROCHLORIDE","FLT4, KIT"
"TLR AGONIST CADI-05","TLR4, TLR2"
"TNF-ALPHA","COL1A2, OSM, IL17F, CCL25"
"TNP-2092","CCL18"
"TNP-470","VWF"
"TNX-650","IL13"
"TOCILIZUMAB","IL6R"
"TOFACITINIB","CSF3R, FLT3"
"TOLINAPANT","GNG11"
"TOMARALIMAB","TLR2"
"TOMUZOTUXIMAB","EGFR"
"TOPIRAMATE","INSR"
"TOPOTECAN HYDROCHLORIDE","BDNF"
"TORALIZUMAB","CD40LG"
"TORIN 2","F2R"
"TORIPALIMAB-TPZI","KIT"
"TORSEMIDE","GNB3"
"TOTROMBOPAG","MPL"
"TOVETUMAB","PDGFRA"
"TOVORAFENIB","EFNA2"
"TOZASERTIB","INSR, FLT3, FLT4, EGFR, NTRK2"
"TRABEDERSEN","TGFB2"
"TRAFERMIN","FGFR4"
"TRALOKINUMAB","IL13"
"TRAMADOL","BDNF"
"TRAMETINIB DIMETHYL SULFOXIDE","CSF3R, FLT3, KIT, MET"
"TREBANANIB","ANGPT2, ANGPT1"
"TREMELIMUMAB","EGFR"
"TRETINOIN","AMH, FLT3, LIF, IFNG, PRL, IL10, FAS, SPP1"
"TRIAMCINOLONE","FGF2"
"TRICHOSTATIN A","TNFSF10, IL2, BDNF"
"TRIFLUOPERAZINE","CSF2"
"TRIMIPRAMINE","RPTOR, BDNF"
"TRISMETHOXYRESVERATROL","PRKCA"
"TRIVALENT INFLUENZA VACCINE","CSF2"
"TROFINETIDE","IGF1"
"TROGLITAZONE","BDNF"
"TROPISETRON","IL2"
"TROVAFLOXACIN MESYLATE","CCL18"
"TRX-518","TNFRSF18"
"TT-301","IL1B"
"TUCATINIB","EGFR"
"TUSPETINIB","FLT3"
"TYR3-OCTREOTIDE","FASLG"
"TYROSINE HYDROXYLASE INHIBITOR","BDNF"
"TYROSINE KINASE INHIBITOR","F2R, FLT3, VWF, SPP1"
"TYROSOL SINAPATE","MET"
"TYRPHOSTIN A25","PRL"
"TYRPHOSTIN AG 1295","FLT3"
"TYRPHOSTIN AG 1296","FLT3"
"UBENIMEX","PRL"
"UCB-1184197","ITGA4"
"UCN-01","PRKCA"
"ULIPRISTAL ACETATE","BDNF"
"URACIL","EGFR"
"URELUMAB","TNFRSF9"
"URSODIOL","IFNG, CD40LG"
"USTEKINUMAB","IL13, IL23A, STAT4, IL17F, TNFRSF1B, IL1B"
"UTOMILUMAB","TNFRSF9"
"VACCINE","CSF2"
"VADACABTAGENE LERALEUCEL","CD19"
"VADADUSTAT","CXCR3"
"VALPROIC ACID","FAS"
"VANDETANIB","PDGFRA, FLT4, EGFR"
"VANUCIZUMAB","ANGPT2"
"VAPREOTIDE","FASLG"
"VARGATEF","PDGFRA, FLT4"
"VARLILUMAB","CD27"
"VARLITINIB","EGFR"
"VATALANIB","PDGFRA, FLT4, EGFR, KIT"
"VATELIZUMAB","ITGA2"
"VB-201","TLR2"
"VEBRELTINIB","MET"
"VEDOLIZUMAB","ITGA4, ITGB7"
"VEGF RECEPTOR TYROSINE KINASE INHIBITOR III","FLT4"
"VEGF/HGF-TARGETING DARPIN MP0250","HGF"
"VELDOREOTIDE","FASLG"
"VEMURAFENIB","EFNA2, MET"
"VENETOCLAX","FLT3, KIT, LPAR4"
"VENLAFAXINE","BDNF"
"VERAPAMIL","IL2RA, IL1B"
"VERTEPORFIN","BDNF"
"VESNARINONE","FAS"
"VICRIVIROC","CCR5"
"VICRIVIROC MALEATE","CCR5"
"VIDOFLUDIMUS","IL17C"
"VINBLASTINE","CSF2"
"VINCRISTINE","VWF, CXCL12, BDNF, FGF2"
"VINORELBINE","CSF2"
"VITAMIN A","TNFRSF8"
"VITAMIN B6","VWF"
"VITAMIN K","FAS"
"VIXARELIMAB","IL31, OSMR"
"VMIP-III","CCR4"
"VOBARILIZUMAB","IL6R"
"VOCLOSPORIN","NGFR"
"VOLOCIXIMAB","ITGA5"
"VON WILLEBRAND FACTOR","VWF"
"VONICOG ALFA","VWF"
"VORAPAXAR","F2R"
"VORAPAXAR SULFATE","F2R"
"VORSETUZUMAB","CD70"
"VORSETUZUMAB MAFODOTIN","CD70"
"VORSETZUMAB MAFODOTIN","CD70"
"VS-4718","PTK2"
"VS-5584","FLT3"
"WARFARIN","VWF"
"WAY-255348","BDNF"
"WORTMANNIN","F2R, HGF, SPP1"
"X-82","PDGFRA, FLT4"
"XENTUZUMAB","IGF2, IGF1"
"XEVINAPANT","GNG11"
"XL-820","PDGFRA, FLT4, KIT"
"XL-999","PDGFRA, FGFR4, FLT3, FLT4, KIT"
"XL820","PDGFRA, FLT4, KIT"
"XL999","FLT3, FLT4, KIT"
"XMAB-2513","TNFRSF8"
"Y-KE88","FASLG"
"YUANHUADINE","EGFR, MET"
"ZABOFLOXACIN","CCL18"
"ZALUNFIBAN","ITGA2B"
"ZALUTUMUMAB","EGFR"
"ZANSECIMAB","ANGPT2"
"ZATUXIMAB","EGFR"
"ZELNECIRNON","CCR4"
"ZIDOVUDINE","PRL, IL10"
"ZINC SULFATE ANHYDROUS","BDNF"
"ZIPALERTINIB","EGFR"
"ZK-158252","AMH"
"ZK112993","BDNF"
"ZM447439","PDGFRA, NTRK2, MET"
"ZOLEDRONIC ACID ANHYDROUS","TNFRSF11A, SPP1"
"ZOLIFLODACIN","CCL18"
"ZOTIRACICLIB","FLT3"
"ZYBT1","EFNA1"
"[111IN,90Y]DOTA-LAN","FASLG"
"[111IN,90Y]DOTA-NOC","FASLG"
"[111IN,90Y]DOTA-OC","FASLG"
"[111IN,90Y]DOTA-TOC","FASLG"
"[111IN]DOTA-BOC-ATE","FASLG"
"[111IN]DOTA-NOC","FASLG"
"[111IN]DOTA-NOC-ATE","FASLG"
"[125I]CCL17 (HUMAN)","CCR4"
"[125I]CCL27 (HUMAN)","CCR4"
"[125I]CGP 23996","FASLG, FAS"
"[125I]LTT-SRIF-28","FASLG, FAS"
"[125I]NDP-MSH","ANGPT2, ANGPT1"
"[125I]SHU9119","ANGPT2, ANGPT1"
"[125I]TYR10-CST14","FASLG, FAS"
"[125I]TYR3 SMS 201-995","FASLG"
"[125I][TYR3,THR8]OCTREOTIDE","FASLG"
"[3H]LTB4","AMH"
"[67GA]NODAGA-[TYR3]OCTREOTIDE","FASLG"
"[D-TRP8]&GAMMA;-MSH","ANGPT1"
"[D-TYR8]CYN 154806","FASLG, FAS"
"[GA-DOTA,TYR3,THR8]OCTREOTIDE","FASLG"
"[L-TYR8]CYN 154806","FASLG, FAS"
